Rank,Player_ID,Player,Nation,Pos,Squad,Comp,Age,Born,90s,SCA,SCA90,SCA _TakeOn
1,2,Brenden Aaronson,USA,"MF,FW",Union Berlin,Bundesliga,22,2000,14.1,76,74,89
2,4,Keyliane Abdallah,FRA,FW,Marseille,Ligue 1,17,2006,0,0,0,0
3,9,Matthis Abline,FRA,FW,Nantes,Ligue 1,20,2003,11.6,64,64,76
4,11,Zakaria Aboukhlal,MAR,"MF,FW",Toulouse,Ligue 1,23,2000,8.4,46,38,51
5,13,Tammy Abraham,ENG,FW,Roma,Serie A,25,1997,2.7,17,12,0
6,17,Bénie Adama Traore,CIV,"FW,MF",Sheffield Utd,Premier League,20,2002,4.3,25,15,0
7,18,Bénie Adama Traore,CIV,"FW,MF",Nantes,Ligue 1,20,2002,5.6,40,47,0
8,19,Akor Adams,NGA,FW,Montpellier,Ligue 1,23,2000,25,69,19,76
9,21,Junior Adamu,AUT,"FW,MF",Freiburg,Bundesliga,22,2001,1.2,14,19,0
10,22,Sargis Adamyan,ARM,"FW,MF",Köln,Bundesliga,30,1993,8.9,58,69,34
11,24,Elijah Adebayo,ENG,FW,Luton Town,Premier League,25,1998,15.8,58,25,76
12,25,Karim Adeyemi,GER,"FW,MF",Dortmund,Bundesliga,21,2002,10.1,51,40,61
13,26,Simon Adingra,CIV,FW,Brighton,Premier League,21,2002,24.7,87,60,96
14,28,Amine Adli,MAR,"MF,FW",Leverkusen,Bundesliga,23,2000,10,75,92,83
15,30,Adryelson,BRA,"DF,FW",Lyon,Ligue 1,25,1998,0.1,0,0,0
16,31,Adson,BRA,"MF,FW",Nantes,Ligue 1,22,2000,2.6,32,67,34
17,40,Brandon Aguilera,CRC,FW,Nott'ham Forest,Premier League,20,2003,0.1,0,0,0
18,41,Naouirou Ahamada,FRA,"MF,FW",Crystal Palace,Premier League,21,2002,3.9,32,35,0
19,46,Tosin Aiyegun,BEN,"MF,FW",Lorient,Ligue 1,25,1998,10,38,13,0
20,48,Ludovic Ajorque,FRA,FW,Mainz 05,Bundesliga,29,1994,15.1,63,40,0
21,50,Marley Aké,FRA,FW,Udinese,Serie A,22,2001,0.1,0,0,0
22,52,Ilias Akhomach,MAR,"MF,FW",Villarreal,La Liga,19,2004,16.8,78,67,96
23,56,Maghnes Akliouche,FRA,"MF,FW",Monaco,Ligue 1,21,2002,17.9,91,90,83
24,60,David Akpan Ankeye,NGA,FW,Genoa,Serie A,21,2002,0.6,9,17,0
25,72,Aboubacar Ali,FRA,"MF,FW",Strasbourg,Ligue 1,17,2006,1.4,9,10,0
26,73,Mohamed Ali Cho,FRA,"FW,MF",Real Sociedad,La Liga,19,2004,2.8,17,12,34
27,74,Mohamed Ali Cho,FRA,FW,Nice,Ligue 1,19,2004,9.6,60,70,76
28,75,Faride Alidou,GER,"FW,MF",Köln,Bundesliga,22,2001,14.2,60,38,76
29,76,Nabil Alioui,FRA,"MF,FW",Le Havre,Ligue 1,24,1999,11.2,66,70,61
30,78,Tadeo Allende,ARG,"MF,FW",Celta Vigo,La Liga,24,1999,3.7,32,38,34
31,80,Domingos André Ribeiro Almeida,POR,"FW,MF",Valencia,La Liga,23,2000,10.7,55,48,61
32,81,Miguel Almirón,PAR,FW,Newcastle Utd,Premier League,29,1994,21.5,75,38,61
33,82,Pontus Almqvist,SWE,"FW,MF",Lecce,Serie A,24,1999,23.4,81,50,91
34,89,Julián Álvarez,ARG,"MF,FW",Manchester City,Premier League,23,2000,29.4,96,79,70
35,93,Papa Amadou Diallo,SEN,FW,Metz,Ligue 1,19,2004,9.9,46,26,0
36,94,Selim Amallah,MAR,"FW,MF",Valencia,La Liga,26,1996,6.7,39,29,61
37,95,Amath,SEN,"FW,MF",Mallorca,La Liga,27,1996,4.4,41,77,76
38,98,Zeki Amdouni,SUI,FW,Burnley,Premier League,22,2000,21.7,74,35,76
39,107,Elliot Anderson,SCO,"MF,FW",Newcastle Utd,Premier League,20,2002,11.4,60,57,70
40,108,Felipe Anderson,BRA,"FW,MF",Lazio,Serie A,30,1993,30.8,92,57,70
41,110,Komnen Andrić,SRB,FW,Clermont Foot,Ligue 1,28,1995,1.9,25,62,0
42,115,Jaidon Anthony,ENG,FW,Bournemouth,Premier League,23,1999,1.7,17,20,34
43,117,Michail Antonio,JAM,FW,West Ham,Premier League,33,1990,18.8,60,20,76
44,118,Antony,BRA,FW,Manchester Utd,Premier League,23,2000,14.7,77,74,51
45,119,Christopher Antwi-Adjei,GHA,"FW,MF",Bochum,Bundesliga,29,1994,13.5,72,70,51
46,120,Houssem Aouar,ALG,"MF,FW",Roma,Serie A,25,1998,8.4,47,42,34
47,121,Stredair Appuah,FRA,"FW,MF",Nantes,Ligue 1,19,2004,0.9,14,30,34
48,128,Cameron Archer,ENG,"FW,MF",Sheffield Utd,Premier League,22,2001,20.4,73,38,91
49,131,Adu Ares,ESP,FW,Athletic Club,La Liga,21,2001,2.9,17,11,34
50,134,Matias Arezo,URU,FW,Granada,La Liga,20,2002,4.1,23,13,0
51,137,José Arnaiz,ESP,"FW,MF",Osasuna,La Liga,28,1995,10.3,66,77,51
52,138,Hákon Arnar Haraldsson,ISL,"FW,MF",Lille,Ligue 1,20,2003,14.3,61,40,61
53,139,Marko Arnautović,AUT,FW,Inter,Serie A,34,1989,8.9,50,48,0
54,141,Mohamed El Arouch,FRA,FW,Lyon,Ligue 1,19,2004,0,0,0,0
55,142,Sergio Arribas,ESP,"MF,FW",Almería,La Liga,21,2001,22.7,92,80,61
56,145,Takuma Asano,JPN,"FW,MF",Bochum,Bundesliga,28,1994,22.1,82,56,76
57,146,Marco Asensio,ESP,"MF,FW",Paris S-G,Ligue 1,27,1996,12.4,75,83,34
58,148,Joel Asoro,SWE,"FW,MF",Metz,Ligue 1,24,1999,9.4,47,33,51
59,149,Jonathan Asp Jensen,DEN,FW,Bayern Munich,Bundesliga,17,2006,0,0,0,0
60,150,Iago Aspas,ESP,FW,Celta Vigo,La Liga,35,1987,30.1,100,95,87
61,155,Arthur Atta,FRA,"MF,FW",Metz,Ligue 1,20,2003,10.3,44,22,51
62,157,Pierre-Emerick Aubameyang,GAB,FW,Marseille,Ligue 1,34,1989,29.1,86,44,83
63,163,Ezequiel Ávila,ARG,"FW,MF",Osasuna,La Liga,29,1994,9.6,63,77,0
64,164,Ezequiel Ávila,ARG,FW,Betis,La Liga,29,1994,3.3,32,49,51
65,165,Taiwo Awoniyi,NGA,FW,Nott'ham Forest,Premier League,25,1997,11.6,56,45,51
66,166,André Ayew,GHA,FW,Le Havre,Ligue 1,33,1989,12.3,52,31,76
67,167,Jordan Ayew,GHA,"FW,MF",Crystal Palace,Premier League,31,1991,28.3,85,44,76
68,169,Sardar Azmoun,IRN,"FW,MF",Roma,Serie A,28,1995,6.5,43,51,34
69,176,Shavy Babicka,GAB,"FW,MF",Toulouse,Ligue 1,23,2000,4.1,32,30,0
70,177,Aliou Badara Baldé,GUI,"FW,DF",Nice,Ligue 1,20,2002,0.8,23,96,51
71,182,Alex Baena,ESP,"MF,FW",Villarreal,La Liga,22,2001,28.7,99,92,93
72,183,Jaime Báez,URU,"FW,MF",Frosinone,Serie A,28,1995,5.6,40,53,34
73,185,Leon Bailey,JAM,"MF,FW",Aston Villa,Premier League,25,1997,23,93,83,91
74,188,Nedim Bajrami,ALB,"MF,FW",Sassuolo,Serie A,24,1999,14.6,74,68,61
75,189,Cédric Bakambu,COD,FW,Betis,La Liga,32,1991,2.2,23,36,0
76,193,Dilane Bakwa,FRA,"FW,MF",Strasbourg,Ligue 1,20,2002,24.2,95,86,96
77,194,Tommaso Baldanzi,ITA,"MF,FW",Empoli,Serie A,20,2003,8.3,63,85,61
78,195,Tommaso Baldanzi,ITA,"FW,MF",Roma,Serie A,20,2003,5.8,49,79,70
79,203,Folarin Balogun,USA,FW,Monaco,Ligue 1,22,2001,18.8,80,63,83
80,204,Jonathan Bamba,CIV,"MF,FW",Celta Vigo,La Liga,27,1996,22,88,71,83
81,205,Mohamed Bamba,CIV,FW,Lorient,Ligue 1,21,2001,12.6,58,43,61
82,206,Samuel Bamba,GER,FW,Dortmund,Bundesliga,19,2004,0.5,14,77,0
83,207,Lameck Banda,ZAM,FW,Lecce,Serie A,22,2001,15,80,82,98
84,209,Mamady Bangré,BFA,"FW,MF",Toulouse,Ligue 1,22,2001,1.1,27,96,34
85,211,Léo Baptistão,BRA,FW,Almería,La Liga,30,1992,20.4,66,24,70
86,213,Antonín Barák,CZE,"MF,FW",Fiorentina,Serie A,28,1994,9,56,66,34
87,214,Valentín Barco,ARG,"DF,FW",Brighton,Premier League,19,2004,3.4,29,37,0
88,215,Bradley Barcola,FRA,FW,Lyon,Ligue 1,20,2002,3,23,18,0
89,216,Bradley Barcola,FRA,"FW,MF",Paris S-G,Ligue 1,20,2002,15.2,84,88,96
90,219,Kike Barja,ESP,"FW,MF",Osasuna,La Liga,26,1997,3.4,36,70,34
91,221,Aymen Barkok,MAR,"MF,FW",Mainz 05,Bundesliga,25,1998,3.6,40,83,34
92,222,Harvey Barnes,ENG,"FW,MF",Newcastle Utd,Premier League,25,1997,8.9,55,63,76
93,225,Ander Barrenetxea,ESP,"FW,MF",Real Sociedad,La Liga,21,2001,15.9,67,45,87
94,241,Christoph Baumgartner,AUT,"MF,FW",RB Leipzig,Bundesliga,23,1999,12.9,70,69,61
95,242,Bebé,CPV,"MF,FW",Rayo Vallecano,La Liga,33,1990,2.4,29,67,0
96,243,Ihlas Bebou,TOG,"FW,DF",Hoffenheim,Bundesliga,29,1994,18.2,72,46,87
97,244,Mohamed Bechikh,FRA,"FW,MF",Strasbourg,Ligue 1,18,2005,0.2,0,0,0
98,245,Adrian Beck,GER,"MF,FW",Heidenheim,Bundesliga,26,1997,10.8,55,47,61
99,247,Sheraldo Becker,SUR,"FW,MF",Real Sociedad,La Liga,28,1995,8.6,44,32,34
100,248,Sheraldo Becker,SUR,"FW,MF",Union Berlin,Bundesliga,28,1995,7.2,53,78,51
101,249,Chris Bedia,CIV,"FW,MF",Union Berlin,Bundesliga,27,1996,1.6,20,41,0
102,251,Donny van de Beek,NED,"MF,FW",Eint Frankfurt,Bundesliga,26,1997,4,27,20,0
103,252,Yanis Begraoui,MAR,"FW,MF",Toulouse,Ligue 1,22,2001,3.3,27,29,0
104,253,Kevin Behrens,GER,FW,Wolfsburg,Bundesliga,32,1991,6.8,43,46,34
105,254,Kevin Behrens,GER,FW,Union Berlin,Bundesliga,32,1991,14,61,42,0
106,255,Maximilian Beier,GER,"FW,MF",Hoffenheim,Bundesliga,20,2002,26.9,87,52,95
107,256,Jérémie Bela,ANG,"MF,FW",Clermont Foot,Ligue 1,30,1993,2.3,27,59,0
108,263,Jean-Ricner Bellegarde,FRA,"MF,FW",Wolves,Premier League,25,1998,10.6,56,51,83
109,264,Jean-Ricner Bellegarde,FRA,"MF,FW",Strasbourg,Ligue 1,25,1998,3,25,26,51
110,268,Andrea Belotti,ITA,FW,Fiorentina,Serie A,29,1993,10.5,51,37,0
111,269,Andrea Belotti,ITA,FW,Roma,Serie A,29,1993,7.5,49,59,61
112,271,Lucas Beltrán,ARG,"FW,MF",Fiorentina,Serie A,22,2001,18.8,77,57,51
113,272,Eliesse Ben Seghir,MAR,"MF,FW",Monaco,Ligue 1,18,2005,4.8,46,83,51
114,274,Wissam Ben Yedder,FRA,FW,Monaco,Ligue 1,32,1990,25.7,86,53,61
115,277,Saïd Benrahma,ALG,"FW,MF",West Ham,Premier League,27,1995,6.9,52,75,61
116,278,Saïd Benrahma,ALG,"FW,MF",Lyon,Ligue 1,27,1995,8.6,64,86,51
117,284,Domenico Berardi,ITA,FW,Sassuolo,Serie A,28,1994,15.9,81,80,51
118,286,Álex Berenguer,ESP,FW,Athletic Club,La Liga,28,1995,17.7,79,67,70
119,288,Jóhann Berg Guðmundsson,ISL,"MF,FW",Burnley,Premier League,32,1990,13.2,74,75,0
120,291,Medon Berisha,ALB,"FW,MF",Lecce,Serie A,19,2003,2.3,29,69,0
121,292,Mergim Berisha,GER,FW,Hoffenheim,Bundesliga,25,1998,1.6,20,41,34
122,293,Mergim Berisha,GER,FW,Augsburg,Bundesliga,25,1998,1.4,23,73,0
123,294,Isaac Bernal,ESP,FW,Sevilla,La Liga,23,2000,11.5,55,42,89
124,297,Matúš Bero,SVK,"MF,FW",Bochum,Bundesliga,27,1995,18.5,55,16,0
125,300,Jan-Niklas Beste,GER,"FW,MF",Heidenheim,Bundesliga,24,1999,28.9,97,84,51
126,301,Beto,GNB,FW,Everton,Premier League,25,1998,10.6,58,58,83
127,302,Beto,GNB,FW,Udinese,Serie A,25,1998,0.8,25,98,0
128,306,Pep Biel,ESP,"MF,FW",Augsburg,Bundesliga,26,1996,3.2,34,61,34
129,308,El Bilal Touré,MLI,FW,Atalanta,Serie A,21,2001,4.4,34,35,0
130,313,Tom Bischof,GER,"MF,FW",Hoffenheim,Bundesliga,18,2005,2,27,69,0
131,320,Ludovic Blas,FRA,"FW,MF",Rennes,Ligue 1,25,1997,17.4,70,45,83
132,324,Myron Boadu,NED,FW,Monaco,Ligue 1,22,2001,0.9,9,11,0
133,325,Benicio Boaitey,ENG,"FW,DF",Brighton,Premier League,19,2004,0.4,14,87,0
134,327,Oscar Bobb,NOR,"FW,MF",Manchester City,Premier League,20,2003,3.4,48,97,70
135,329,Jeremie Boga,CIV,FW,Nice,Ligue 1,26,1997,22.2,89,71,97
136,333,Adama Bojang,GAM,FW,Reims,Ligue 1,19,2004,0.9,14,30,34
137,337,Federico Bonazzoli,ITA,"FW,MF",Hellas Verona,Serie A,26,1997,11.3,52,35,0
138,340,Victor Boniface,NGA,FW,Leverkusen,Bundesliga,22,2000,17.2,78,65,99
139,344,Ângelo Borges,BRA,"FW,MF",Strasbourg,Ligue 1,18,2004,12.2,76,86,76
140,346,Yvandro Borges Sanches,LUX,"MF,FW",Gladbach,Bundesliga,19,2004,0.2,9,91,0
141,348,Rafael Borré,COL,FW,Werder Bremen,Bundesliga,27,1995,11,48,26,0
142,349,Gennaro Borrelli,ITA,FW,Frosinone,Serie A,23,2000,0.3,0,0,0
143,351,Erik Botheim,NOR,"FW,MF",Salernitana,Serie A,23,2000,3.5,9,9,0
144,355,Badredine Bouanani,ALG,FW,Nice,Ligue 1,18,2004,1.8,34,94,0
145,357,Mohamed Bouchenna,FRA,"MF,FW",Clermont Foot,Ligue 1,17,2006,0.3,14,96,51
146,361,Benjamin Bourigeaud,FRA,"MF,FW",Rennes,Ligue 1,29,1994,26.9,96,82,51
147,362,Bilal Boutobba,FRA,"FW,MF",Clermont Foot,Ligue 1,24,1998,10.3,60,64,70
148,363,Hugo Boutsingkham,FRA,"MF,FW",Nantes,Ligue 1,20,2003,0.1,0,0,0
149,365,Jarrod Bowen,ENG,FW,West Ham,Premier League,26,1996,33.5,89,39,83
150,366,Lucas Boyé,ARG,FW,Granada,La Liga,27,1996,28.2,88,51,93
151,369,Bilal Brahimi,ALG,FW,Nice,Ligue 1,23,2000,0.1,9,98,0
152,370,Bilal Brahimi,ALG,"FW,MF",Brest,Ligue 1,23,2000,2.5,38,92,0
153,372,Julian Brandt,GER,"MF,FW",Dortmund,Bundesliga,27,1996,24.7,98,93,87
154,380,Josip Brekalo,CRO,FW,Fiorentina,Serie A,25,1998,7.2,44,46,34
155,382,Brenner,BRA,"MF,FW",Udinese,Serie A,23,2000,2.1,23,37,0
156,383,Ben Brereton,CHI,"FW,MF",Sheffield Utd,Premier League,24,1999,12.3,58,43,70
157,384,Ben Brereton,CHI,"FW,MF",Villarreal,La Liga,24,1999,3,20,14,0
158,386,Maximilian Breunig,GER,FW,Freiburg,Bundesliga,22,2000,0.1,0,0,0
159,387,Rhian Brewster,ENG,"FW,MF",Sheffield Utd,Premier League,23,2000,3.8,27,21,0
160,388,Bennit Bröger,GER,FW,Wolfsburg,Bundesliga,17,2006,0.1,0,0,0
161,389,Armando Broja,ALB,FW,Chelsea,Premier League,21,2001,5,29,17,34
162,390,Armando Broja,ALB,FW,Fulham,Premier League,21,2001,1,9,11,0
163,393,David Brooks,WAL,"FW,MF",Bournemouth,Premier League,26,1997,3.1,46,96,34
164,395,Moritz Broschinski,GER,FW,Bochum,Bundesliga,22,2000,13.9,60,40,51
165,396,Jacob Brown,SCO,"MF,FW",Luton Town,Premier League,25,1998,11.3,40,14,34
166,399,Jacob Bruun Larsen,DEN,"MF,FW",Burnley,Premier League,24,1998,13.9,71,65,34
167,401,Ante Budimir,CRO,FW,Osasuna,La Liga,32,1991,27.1,68,16,61
168,404,Marius Bülter,GER,"DF,FW",Hoffenheim,Bundesliga,30,1993,15,73,63,51
169,405,Facundo Buonanotte,ARG,"FW,MF",Brighton,Premier League,18,2004,15.2,64,42,51
170,407,Jonathan Burkardt,GER,"FW,MF",Mainz 05,Bundesliga,23,2000,17.1,67,38,61
171,408,Oliver Burke,SCO,FW,Werder Bremen,Bundesliga,26,1997,0.4,0,0,0
172,411,Rareș-Cătălin Burnete,ROU,FW,Lecce,Serie A,19,2004,0.1,0,0,0
173,412,Mason Burstow,ENG,FW,Chelsea,Premier League,19,2003,0.1,0,0,0
174,414,Maxime Busi,BEL,"FW,DF",Reims,Ligue 1,23,1999,1.8,25,66,34
175,418,Jamie Bynoe-Gittens,ENG,"FW,MF",Dortmund,Bundesliga,18,2004,11.8,71,78,93
176,419,Rémy Cabella,FRA,"FW,MF",Lille,Ligue 1,33,1990,16.4,87,88,51
177,420,Jovane Cabral,CPV,"MF,FW",Salernitana,Serie A,25,1998,7.5,51,65,51
178,432,José Callejón,ESP,"MF,FW",Granada,La Liga,36,1987,8.9,60,73,34
179,433,Dominic Calvert-Lewin,ENG,FW,Everton,Premier League,26,1997,24.1,76,33,70
180,437,Francesco Camarda,ITA,FW,Milan,Serie A,15,2008,0.2,0,0,0
181,439,Nicolò Cambiaghi,ITA,"FW,MF",Empoli,Serie A,22,2000,28.4,92,63,70
182,440,Andrea Cambiaso,ITA,"DF,FW",Juventus,Serie A,23,2000,26.4,88,56,70
183,441,Axel Camblan,FRA,FW,Brest,Ligue 1,19,2003,1,14,26,0
184,442,Sergio Camello,ESP,FW,Rayo Vallecano,La Liga,22,2001,18.5,71,41,76
185,445,Matteo Cancellieri,ITA,"FW,MF",Empoli,Serie A,21,2002,19.9,76,49,93
186,448,Antonio Candreva,ITA,"MF,FW",Salernitana,Serie A,36,1987,30.6,97,78,83
187,449,Thomas Cannon,IRL,FW,Everton,Premier League,20,2002,0,0,0,0
188,450,Sergi Canós,ESP,"MF,FW",Valencia,La Liga,26,1997,13.7,58,37,76
189,451,Luigi Canotto,ITA,FW,Frosinone,Serie A,29,1994,0.2,0,0,0
190,454,Gianluca Caprari,ITA,"MF,FW",Monza,Serie A,30,1993,3.2,40,91,34
191,456,Francesco Caputo,ITA,FW,Empoli,Serie A,35,1987,14.1,52,22,0
192,459,Valentin Carboni,ARG,"MF,FW",Monza,Serie A,18,2005,13,68,62,34
193,463,Marc Cardona,ESP,FW,Las Palmas,La Liga,28,1995,8,40,24,61
194,471,Álvaro Carreras,ESP,"MF,FW",Granada,La Liga,20,2003,5.3,41,62,0
195,472,Rasmus Carstensen,DEN,"DF,FW",Köln,Bundesliga,22,2000,18.4,65,29,61
196,477,Cesare Casadei,ITA,"FW,MF",Chelsea,Premier League,20,2003,0.9,20,88,0
197,483,Josué Casimir,FRA,"FW,DF",Le Havre,Ligue 1,21,2001,22.4,75,36,70
198,484,Giuseppe Caso,ITA,"FW,MF",Frosinone,Serie A,24,1998,4.6,36,45,51
199,488,Valentín Castellanos,ARG,FW,Lazio,Serie A,24,1998,18.7,72,44,51
200,490,Samu Castillejo,ESP,"FW,MF",Sassuolo,Serie A,28,1995,6,52,87,34
201,492,Santiago Castro,ARG,FW,Bologna,Serie A,18,2004,2.7,0,0,0
202,493,Gaetano Castrovilli,ITA,"FW,MF",Fiorentina,Serie A,26,1997,4.1,34,40,0
203,497,Ivan Cavaleiro,POR,FW,Lille,Ligue 1,29,1993,8.6,43,29,34
204,498,Dani Ceballos,ESP,"MF,FW",Real Madrid,La Liga,26,1996,6.6,51,75,34
205,499,Emil Ceide,NOR,"FW,MF",Sassuolo,Serie A,21,2001,2,27,71,34
206,504,Václav Černý,CZE,"FW,MF",Wolfsburg,Bundesliga,25,1997,10.2,58,60,34
207,506,Alberto Cerri,ITA,FW,Empoli,Serie A,27,1996,6.1,29,14,0
208,511,Fares Chaïbi,ALG,"FW,MF",Toulouse,Ligue 1,20,2002,0.6,17,88,0
209,512,Fares Chaïbi,ALG,"MF,FW",Eint Frankfurt,Bundesliga,20,2002,21.2,89,76,0
210,514,Muhammed Cham,AUT,"MF,FW",Clermont Foot,Ligue 1,22,2000,28.4,97,82,61
211,521,Walid Cheddira,MAR,FW,Frosinone,Serie A,25,1998,23.6,64,17,34
212,522,Rayan Cherki,FRA,"MF,FW",Lyon,Ligue 1,19,2003,19.1,95,94,99
213,523,Youssef Chermiti,POR,FW,Everton,Premier League,19,2004,2.3,27,58,34
214,526,Federico Chiesa,ITA,FW,Juventus,Serie A,25,1997,24.4,96,89,97
215,528,Tawanda Chirewa,ZIM,"MF,FW",Wolves,Premier League,19,2003,1.6,17,22,0
216,530,Leon Chiwome,ENG,FW,Wolves,Premier League,17,2006,1.9,9,9,0
217,531,Tahith Chong,NED,"MF,FW",Luton Town,Premier League,23,1999,22,73,32,61
218,537,Carney Chukwuemeka,ENG,"MF,FW",Chelsea,Premier League,19,2003,2.5,32,70,34
219,538,Samuel Chukwueze,NGA,FW,Milan,Serie A,24,1999,11.3,72,83,91
220,541,Alphadjo Cissè,ITA,FW,Hellas Verona,Serie A,16,2006,0.1,0,0,0
221,543,Ibrahim Cissoko,NED,"FW,MF",Toulouse,Ligue 1,20,2003,2.7,40,94,76
222,553,Marcus Coco,FRA,"DF,FW",Nantes,Ligue 1,27,1996,16.5,56,21,34
223,559,Lorenzo Colombo,ITA,FW,Monza,Serie A,21,2002,15.1,53,22,70
224,560,Andrea Colpani,ITA,"MF,FW",Monza,Serie A,24,1999,29.5,97,81,89
225,562,Kingsley Coman,FRA,FW,Bayern Munich,Bundesliga,27,1996,12.4,81,91,83
226,565,Pietro Comuzzo,ITA,"DF,FW",Fiorentina,Serie A,18,2005,0.5,0,0,0
227,566,Alois Confais,FRA,"MF,FW",Le Havre,Ligue 1,26,1996,0.1,0,0,0
228,568,Bambasé Conté,GER,"MF,FW",Hoffenheim,Bundesliga,20,2003,0.5,9,22,0
229,575,Theo Corbeanu,CAN,"MF,FW",Granada,La Liga,21,2002,2,20,21,0
230,576,Jeppe Corfitzen,DEN,FW,Lecce,Serie A,18,2004,0.1,0,0,0
231,578,Maxwel Cornet,CIV,"MF,FW",West Ham,Premier League,26,1996,1.2,23,80,0
232,579,Giacomo Corona,ITA,FW,Empoli,Serie A,19,2004,0.1,0,0,0
233,581,Ángel Correa,ARG,"FW,MF",Atlético Madrid,La Liga,28,1995,17,83,79,95
234,582,Joaquín Correa,ARG,"FW,MF",Marseille,Ligue 1,28,1994,4.8,36,42,51
235,584,Oscar Cortés,COL,"FW,MF",Lens,Ligue 1,19,2003,0.5,9,27,0
236,588,João Costa,BRA,"MF,FW",Roma,Serie A,18,2005,0.2,14,99,0
237,597,Tanguy Coulibaly,FRA,"FW,MF",Montpellier,Ligue 1,22,2001,6.9,46,54,61
238,599,Philippe Coutinho,BRA,"MF,FW",Aston Villa,Premier League,31,1992,0.3,14,97,34
239,600,Yan Couto,BRA,"DF,FW",Girona,La Liga,21,2002,24.9,77,33,76
240,605,Aaron Cresswell,ENG,"DF,FW",West Ham,Premier League,33,1989,4.8,36,41,0
241,609,Juan Cruz,ARG,"FW,MF",Hellas Verona,Serie A,24,1999,1.2,17,41,0
242,610,Juan Cruz,ESP,FW,Betis,La Liga,23,2000,0.8,23,95,51
243,617,Matheus Cunha,BRA,"FW,MF",Wolves,Premier League,24,1999,27.1,88,53,95
244,618,Marvin Cuni,ALB,FW,Frosinone,Serie A,22,2001,5.9,41,53,34
245,621,Tomáš Čvančara,CZE,FW,Gladbach,Bundesliga,22,2000,10,46,26,51
246,624,Trévis Dago,CIV,"FW,MF",Lille,Ligue 1,18,2005,0.3,14,98,34
247,629,Thijs Dallinga,NED,FW,Toulouse,Ligue 1,22,2000,27.9,73,20,70
248,635,Arnaut Danjuma,NED,"MF,FW",Everton,Premier League,26,1997,6.6,43,49,34
249,636,Jayden Danns,ENG,FW,Liverpool,Premier League,17,2006,0.1,0,0,0
250,640,Mohammed Daramy,DEN,"FW,MF",Reims,Ligue 1,21,2002,18.3,79,62,91
251,642,Achraf Dari,MAR,"DF,FW",Brest,Ligue 1,24,1999,1.3,9,10,0
252,644,Lukas Daschner,GER,"MF,FW",Bochum,Bundesliga,24,1998,6,46,66,34
253,645,Josh Dasilva,ENG,"DF,FW",Brentford,Premier League,24,1998,0.3,9,74,0
254,646,David Datro Fofana,CIV,FW,Burnley,Premier League,20,2002,9.8,43,21,70
255,647,David Datro Fofana,CIV,"FW,MF",Union Berlin,Bundesliga,20,2002,7.6,53,73,83
256,649,Jonathan David,CAN,FW,Lille,Ligue 1,23,2000,29.2,87,46,61
257,653,Keinan Davis,ENG,"FW,MF",Udinese,Serie A,25,1998,2.1,35,93,0
258,657,Charles De Ketelaere,BEL,"FW,MF",Atalanta,Serie A,22,2001,22.5,92,81,89
259,663,Grégoire Defrel,MTQ,"FW,MF",Sassuolo,Serie A,32,1991,8.4,44,34,0
260,665,Romain Del Castillo,FRA,FW,Brest,Ligue 1,27,1996,27.7,100,95,91
261,667,Sacha Delaye,FRA,"MF,FW",Montpellier,Ligue 1,21,2002,1.4,25,82,34
262,671,Karamoko Dembele,SCO,"MF,FW",Brest,Ligue 1,20,2003,0.2,9,92,0
263,672,Ousmane Dembélé,FRA,"MF,FW",Paris S-G,Ligue 1,26,1997,16.7,96,97,95
264,673,Jessy Deminguet,FRA,"MF,FW",Strasbourg,Ligue 1,25,1998,7.7,29,11,0
265,674,Ermedin Demirović,BIH,"FW,MF",Augsburg,Bundesliga,25,1998,31.9,85,34,91
266,682,Mattia Destro,ITA,"FW,MF",Empoli,Serie A,32,1991,4.1,20,11,0
267,684,Federico Di Francesco,ITA,"FW,MF",Lecce,Serie A,29,1994,0.2,9,95,0
268,689,Boulaye Dia,SEN,"FW,MF",Salernitana,Serie A,26,1996,12.7,52,27,34
269,690,Moussa Diaby,FRA,"FW,MF",Aston Villa,Premier League,24,1999,24.2,89,65,83
270,693,Mamadou Diakhon,FRA,"FW,MF",Reims,Ligue 1,17,2005,2.3,20,19,34
271,697,Oumar Diakité,CIV,FW,Reims,Ligue 1,19,2003,17.6,67,36,91
272,698,Amad Diallo,CIV,"FW,MF",Manchester Utd,Premier League,21,2002,4.3,46,88,61
273,700,Assane Diao,ESP,FW,Betis,La Liga,17,2005,11.6,49,25,0
274,701,Habib Diarra,SEN,"MF,FW",Strasbourg,Ligue 1,19,2004,25.6,74,25,76
275,704,Krépin Diatta,SEN,"DF,FW",Monaco,Ligue 1,24,1999,13.4,67,59,51
276,707,Brahim Díaz,MAR,"FW,MF",Real Madrid,La Liga,23,1999,17.2,86,85,96
277,708,Luis Díaz,COL,FW,Liverpool,Premier League,26,1997,29.2,99,94,98
278,710,Famara Diedhiou,SEN,"FW,MF",Granada,La Liga,30,1992,1,27,97,34
279,711,Justin Diehl,GER,"FW,MF",Köln,Bundesliga,18,2004,1.9,35,95,51
280,712,Bamba Dieng,SEN,FW,Lorient,Ligue 1,23,2000,6.1,44,60,34
281,716,Florian Dietz,GER,"FW,MF",Köln,Bundesliga,24,1998,0.8,20,92,0
282,721,Eren Dinkçi,GER,"FW,MF",Heidenheim,Bundesliga,21,2001,29.4,90,55,87
283,725,Sofiane Diop,FRA,FW,Nice,Ligue 1,23,2000,5.5,41,59,34
284,735,Ben Doak,SCO,FW,Liverpool,Premier League,17,2005,0.2,0,0,0
285,743,Jeremy Doku,BEL,"FW,MF",Manchester City,Premier League,21,2002,17.7,96,96,98
286,744,Jeremy Doku,BEL,FW,Rennes,Ligue 1,21,2002,1.2,32,97,51
287,747,Mario Dominguez,ESP,FW,Valencia,La Liga,19,2004,0.3,0,0,0
288,748,Nicolás Domínguez,ARG,"MF,FW",Nott'ham Forest,Premier League,25,1998,16.6,61,29,0
289,751,Jamie Donley,ENG,FW,Tottenham,Premier League,18,2005,0,0,0,0
290,757,Abdoulaye Doucouré,MLI,"FW,MF",Everton,Premier League,30,1993,29.2,83,35,0
291,759,Siriné Doucouré,MLI,FW,Lorient,Ligue 1,21,2002,4.7,38,51,34
292,760,Désiré Doué,FRA,"MF,FW",Rennes,Ligue 1,18,2005,18.1,91,90,97
293,766,Anastasios Douvikas,GRE,FW,Celta Vigo,La Liga,23,1999,10.1,46,25,61
294,767,Artem Dovbyk,UKR,FW,Girona,La Liga,26,1997,28.7,78,25,83
295,768,Nikola Dovedan,AUT,"MF,FW",Heidenheim,Bundesliga,29,1994,7.3,49,61,34
296,769,Damion Downs,GER,"FW,MF",Köln,Bundesliga,19,2004,2,20,25,0
297,773,Dion Drena Beljo,CRO,"FW,MF",Augsburg,Bundesliga,21,2002,6.5,47,63,61
298,778,Marvin Ducksch,GER,FW,Werder Bremen,Bundesliga,29,1994,30,95,73,76
299,784,Jhon Durán,COL,"FW,MF",Aston Villa,Premier League,19,2003,5.3,36,34,34
300,785,Julien Duranville,BEL,"FW,MF",Dortmund,Bundesliga,17,2006,0.1,0,0,0
301,786,Hugo Duro,ESP,FW,Valencia,La Liga,23,1999,33.1,73,16,70
302,788,Paulo Dybala,ARG,"FW,MF",Roma,Serie A,29,1993,21.8,92,85,61
303,789,Aron Dønnum,NOR,"FW,MF",Toulouse,Ligue 1,25,1998,17.7,76,57,61
304,790,George Earthy,ENG,FW,West Ham,Premier League,18,2004,0.4,14,92,0
305,797,Odsonne Édouard,FRA,"FW,MF",Crystal Palace,Premier League,25,1998,17.3,70,45,87
306,803,Hugo Ekitike,FRA,FW,Paris S-G,Ligue 1,21,2002,0.1,0,0,0
307,804,Hugo Ekitike,FRA,FW,Eint Frankfurt,Bundesliga,21,2002,8,53,69,83
308,805,Emmanuel Ekong,SWE,FW,Empoli,Serie A,21,2002,0.1,9,99,0
309,806,Caleb Ekuban,GHA,FW,Genoa,Serie A,29,1994,12.6,61,51,76
310,807,Anthony Elanga,SWE,"FW,MF",Nott'ham Forest,Premier League,21,2002,27,84,45,83
311,808,Simon Elisor,FRA,FW,Metz,Ligue 1,24,1999,8.5,44,33,34
312,809,Harvey Elliott,ENG,"MF,FW",Liverpool,Premier League,20,2003,15,88,92,51
313,810,Elif Elmas,MKD,"FW,MF",Napoli,Serie A,23,1999,3.8,32,38,34
314,811,Elif Elmas,MKD,"MF,FW",RB Leipzig,Bundesliga,23,1999,3,27,37,51
315,815,Adri Embarba,ESP,"FW,MF",Almería,La Liga,31,1992,27.5,95,78,89
316,816,Breel Embolo,SUI,FW,Monaco,Ligue 1,26,1997,2,34,90,51
317,817,Emanuel Emegha,NED,FW,Strasbourg,Ligue 1,20,2003,23.1,53,13,76
318,819,Youssef En-Nesyri,MAR,FW,Sevilla,La Liga,26,1997,28.6,48,10,34
319,820,Julio Enciso,PAR,"MF,FW",Brighton,Premier League,19,2004,5.3,49,85,76
320,831,Oscar Estupiñan,COL,FW,Metz,Ligue 1,26,1996,2.9,14,10,0
321,833,Karl Etta,CMR,FW,Cádiz,La Liga,19,2004,0.2,0,0,0
322,835,Eberechi Eze,ENG,"MF,FW",Crystal Palace,Premier League,25,1998,22.8,95,89,95
323,836,Abde Ezzalzouli,MAR,"FW,MF",Barcelona,La Liga,21,2001,0.8,14,47,0
324,837,Abde Ezzalzouli,MAR,FW,Betis,La Liga,21,2001,9.6,46,29,61
325,838,Giovanni Fabbian,ITA,"MF,FW",Bologna,Serie A,20,2003,11.7,49,24,34
326,841,Romain Faivre,FRA,"MF,FW",Bournemouth,Premier League,25,1998,0.5,9,31,34
327,842,Romain Faivre,FRA,"MF,FW",Lorient,Ligue 1,25,1998,16.1,69,47,61
328,843,Ilhan Fakili,FRA,"MF,FW",Clermont Foot,Ligue 1,17,2006,1,14,23,0
329,844,Radamel Falcao,COL,"FW,DF",Rayo Vallecano,La Liga,37,1986,4.5,38,53,0
330,849,Ansu Fati,ESP,"MF,FW",Brighton,Premier League,20,2002,5.8,49,78,34
331,850,Ansu Fati,ESP,"MF,FW",Barcelona,La Liga,20,2002,0.6,9,21,0
332,851,Khalil Fayad,FRA,"FW,MF",Montpellier,Ligue 1,19,2004,11.4,44,18,0
333,854,Peter Federico,DOM,"MF,FW",Valencia,La Liga,21,2002,7.2,39,24,51
334,855,Nabil Fekir,FRA,"MF,FW",Betis,La Liga,30,1993,11.7,79,92,61
335,858,João Félix,POR,FW,Barcelona,La Liga,23,1999,17.1,80,72,87
336,861,Evan Ferguson,IRL,FW,Brighton,Premier League,18,2004,15.2,48,15,51
337,863,Bruno Fernandes,POR,"MF,FW",Manchester Utd,Premier League,28,1994,34.6,100,96,87
338,867,Carlos Fernández,ESP,FW,Real Sociedad,La Liga,27,1996,4.5,17,10,0
339,870,Valery Fernández,ESP,"MF,FW",Girona,La Liga,23,1999,5.6,39,41,51
340,873,Ichem Ferrah,FRA,FW,Lille,Ligue 1,17,2005,0,0,0,0
341,878,Nacho Ferri,ESP,"FW,MF",Eint Frankfurt,Bundesliga,18,2004,0.8,14,39,0
342,879,Rachad Fettal,MAR,FW,Almería,La Liga,18,2005,0.2,14,99,0
343,880,Seydou Fini,ITA,"DF,FW",Genoa,Serie A,17,2006,0.4,9,42,0
344,881,Max Finkgräfe,GER,"DF,FW",Köln,Bundesliga,19,2004,19.5,66,27,61
345,887,Phil Foden,ENG,"FW,MF",Manchester City,Premier League,23,2000,31.7,99,87,91
346,889,Malick Fofana,BEL,FW,Lyon,Ligue 1,18,2005,6.2,44,59,51
347,893,Michael Folorunsho,ITA,"MF,FW",Hellas Verona,Serie A,25,1998,30.9,71,16,70
348,894,Tiago Fonseca Morais,POR,FW,Lille,Ligue 1,19,2003,0.5,9,24,0
349,895,Pablo Fornals,ESP,"MF,FW",West Ham,Premier League,27,1996,4.7,40,66,0
350,896,Pablo Fornals,ESP,"FW,MF",Betis,La Liga,27,1996,12.8,70,69,51
351,897,Emil Forsberg,SWE,"MF,FW",RB Leipzig,Bundesliga,31,1991,5.2,40,60,0
352,898,Omari Forson,ENG,FW,Manchester Utd,Premier League,19,2004,0.8,0,0,0
353,899,Philipp Förster,GER,"MF,FW",Bochum,Bundesliga,28,1995,4.3,44,86,0
354,901,Lyle Foster,RSA,"FW,MF",Burnley,Premier League,22,2000,21.1,67,24,51
355,904,Matheus França,BRA,"MF,FW",Crystal Palace,Premier League,19,2004,2.6,29,60,0
356,907,Nathan Fraser,IRL,FW,Wolves,Premier League,18,2005,2.1,25,55,0
357,909,Jean Frederic N'Guessan,CIV,"MF,FW",Metz,Ligue 1,20,2003,1.2,20,63,34
358,915,Jorge de Frutos,ESP,"FW,MF",Rayo Vallecano,La Liga,26,1997,17.2,74,56,70
359,916,Chris Führich,GER,"FW,MF",Stuttgart,Bundesliga,25,1998,28.5,98,89,98
360,917,Shiō Fukuda,JPN,"FW,MF",Gladbach,Bundesliga,19,2004,0.4,14,90,0
361,919,Niclas Füllkrug,GER,FW,Werder Bremen,Bundesliga,30,1993,2,27,69,0
362,920,Niclas Füllkrug,GER,FW,Dortmund,Bundesliga,30,1993,24.6,78,36,0
363,921,Gerardo Fusco,ITA,FW,Salernitana,Serie A,18,2005,0.2,14,99,0
364,925,Gianluca Gaetano,ITA,"FW,MF",Cagliari,Serie A,23,2000,8.3,60,81,61
365,928,Cody Gakpo,NED,"FW,MF",Liverpool,Premier League,24,1999,18.3,85,79,83
366,936,Kévin Gameiro,FRA,"FW,MF",Strasbourg,Ligue 1,36,1987,15,75,69,51
367,938,Ignatius Ganago,CMR,"FW,MF",Nantes,Ligue 1,24,1999,2,23,40,0
368,940,Álvaro García,ESP,"FW,MF",Rayo Vallecano,La Liga,30,1992,27.5,88,53,61
369,946,Francisco Jesús Crespo García,ESP,FW,Las Palmas,La Liga,27,1996,5.6,44,67,51
370,947,Gonzalo García,ESP,"FW,MF",Real Madrid,La Liga,19,2004,0.2,0,0,0
371,948,Jastin García,ESP,FW,Girona,La Liga,19,2004,0.4,9,51,0
372,949,Raúl García,ESP,"FW,MF",Athletic Club,La Liga,37,1986,4.7,20,10,0
373,950,Rubén García,ESP,"FW,MF",Osasuna,La Liga,30,1993,17.2,82,76,87
374,953,Alejandro Garnacho,ARG,FW,Manchester Utd,Premier League,19,2004,28.5,97,82,96
375,958,Federico Gattoni,ARG,"DF,FW",Sevilla,La Liga,24,1999,0.1,0,0,0
376,959,Gavi,ESP,"MF,FW",Barcelona,La Liga,18,2004,10.5,52,44,51
377,961,Yann Gboho,FRA,"MF,FW",Toulouse,Ligue 1,22,2001,13.3,65,56,87
378,963,Gelabert,ESP,"MF,FW",Toulouse,Ligue 1,22,2000,8.4,47,42,34
379,967,Denis Genreau,AUS,"MF,FW",Toulouse,Ligue 1,24,1999,5.2,38,43,0
380,970,Farés Ghedjemis,FRA,"FW,MF",Frosinone,Serie A,20,2002,2,20,25,34
381,973,Morgan Gibbs-White,ENG,"MF,FW",Nott'ham Forest,Premier League,23,2000,35.1,99,83,91
382,975,Bryan Gil,ESP,"FW,MF",Tottenham,Premier League,22,2001,2.3,32,77,0
383,983,Olivier Giroud,FRA,FW,Milan,Serie A,36,1986,26.3,74,24,0
384,985,Serge Gnabry,GER,"FW,MF",Bayern Munich,Bundesliga,28,1995,4.8,44,78,34
385,989,Aleksandr Golovin,RUS,"MF,FW",Monaco,Ligue 1,27,1996,23.9,94,84,61
386,990,André Gomes,POR,"MF,FW",Everton,Premier League,30,1993,5.6,43,61,34
387,995,Maxi Gómez,URU,FW,Cádiz,La Liga,26,1996,12.9,47,18,0
388,996,Moi Gómez,ESP,"MF,FW",Osasuna,La Liga,29,1994,22.3,79,48,61
389,997,Papu Gómez,ARG,"MF,FW",Monza,Serie A,35,1988,0.5,23,99,0
390,998,Sergio Gómez,ESP,"FW,MF",Manchester City,Premier League,22,2000,0.6,14,66,34
391,1006,Hugo González,ESP,"MF,FW",Valencia,La Liga,20,2003,1,23,91,0
392,1009,Nicolás González,ARG,FW,Fiorentina,Serie A,25,1998,21.3,80,55,76
393,1011,Anthony Gordon,ENG,FW,Newcastle Utd,Premier League,22,2001,32.1,99,86,96
394,1012,Kaide Gordon,ENG,FW,Liverpool,Premier League,18,2004,0,0,0,0
395,1019,Amine Gouiri,ALG,"FW,MF",Rennes,Ligue 1,23,2000,23,90,73,96
396,1021,Pablo Gozalbez,ESP,"MF,FW",Valencia,La Liga,22,2001,1.1,9,10,0
397,1024,Samuel Grandsir,FRA,"MF,FW",Le Havre,Ligue 1,26,1996,6.7,58,88,61
398,1027,Ryan Gravenberch,NED,FW,Bayern Munich,Bundesliga,21,2002,0.1,17,100,34
399,1028,Adrian Grbić,AUT,FW,Lorient,Ligue 1,26,1996,0.3,9,54,0
400,1030,Jack Grealish,ENG,"FW,MF",Manchester City,Premier League,27,1995,11.2,76,89,34
401,1031,Mason Greenwood,ENG,"MF,FW",Getafe,La Liga,21,2001,29.6,96,74,99
402,1032,Michael Gregoritsch,AUT,FW,Freiburg,Bundesliga,29,1994,18.7,71,42,51
403,1034,Antoine Griezmann,FRA,"FW,MF",Atlético Madrid,La Liga,32,1991,29.4,95,73,70
404,1035,Vincenzo Grifo,ITA,"MF,FW",Freiburg,Bundesliga,30,1993,25.8,93,76,83
405,1040,Brajan Gruda,GER,"MF,FW",Mainz 05,Bundesliga,19,2004,18.2,94,95,89
406,1044,Sergi Guardiola,ESP,"FW,MF",Cádiz,La Liga,32,1991,5.5,40,49,0
407,1046,Gabriel Gudmundsson,SWE,"DF,FW",Lille,Ligue 1,24,1999,14.1,48,16,61
408,1047,Gonçalo Guedes,POR,"FW,MF",Villarreal,La Liga,26,1996,10.6,66,76,70
409,1048,Axel Gueguin,FRA,"DF,FW",Montpellier,Ligue 1,18,2005,1.5,14,14,0
410,1055,Evann Guessand,CIV,FW,Nice,Ligue 1,22,2001,17.3,71,49,87
411,1059,Morgan Guilavogui,GUI,"FW,MF",Lens,Ligue 1,25,1998,6.3,52,84,34
412,1063,Serhou Guirassy,GUI,FW,Stuttgart,Bundesliga,27,1996,24.5,91,73,89
413,1064,Marc Guiu,ESP,"FW,MF",Barcelona,La Liga,17,2006,0.8,14,39,0
414,1067,Arda Güler,TUR,"FW,MF",Real Madrid,La Liga,18,2005,4.2,43,84,51
415,1073,Gorka Guruzeta,ESP,FW,Athletic Club,La Liga,26,1996,24.6,77,34,34
416,1076,Albert Guðmundsson,ISL,"FW,MF",Genoa,Serie A,26,1997,33.5,99,84,61
417,1078,Emmanuel Gyasi,GHA,"DF,FW",Empoli,Serie A,29,1994,20.9,52,13,34
418,1080,Erling Haaland,NOR,FW,Manchester City,Premier League,23,2000,28.4,79,29,61
419,1083,Robin Hack,GER,"FW,MF",Gladbach,Bundesliga,24,1998,15,70,57,70
420,1084,Antwoine Hackford,ENG,FW,Sheffield Utd,Premier League,19,2004,0.1,0,0,0
421,1085,Munir El Haddadi,MAR,FW,Las Palmas,La Liga,27,1995,27.2,80,35,76
422,1087,Ianis Hagi,ROU,"MF,FW",Alavés,La Liga,24,1998,8.9,72,93,61
423,1093,Sébastien Haller,CIV,FW,Dortmund,Bundesliga,29,1994,4.4,35,43,0
424,1099,Amine Harit,MAR,"MF,FW",Marseille,Ligue 1,26,1997,20.2,91,86,91
425,1101,Jack Harrison,ENG,"MF,FW",Everton,Premier League,26,1996,24.6,83,47,61
426,1102,Abdou Harroui,NED,"MF,FW",Frosinone,Serie A,25,1998,11.3,65,68,70
427,1107,Kai Havertz,GER,"MF,FW",Arsenal,Premier League,24,1999,29.3,95,72,61
428,1110,Hwang Hee-chan,KOR,"FW,MF",Wolves,Premier League,27,1996,23.5,72,27,89
429,1112,Silvan Hefti,SUI,"DF,FW",Montpellier,Ligue 1,25,1997,7.9,35,14,0
430,1118,Luis Henrique,BRA,"FW,DF",Marseille,Ligue 1,21,2001,8.7,55,66,51
431,1119,Luiz Henrique,BRA,FW,Betis,La Liga,22,2001,6.8,56,85,83
432,1122,Thomas Henry,FRA,FW,Hellas Verona,Serie A,28,1994,3.7,25,17,0
433,1133,Cristian Herrera,ESP,"FW,MF",Las Palmas,La Liga,32,1991,1.8,23,49,0
434,1136,Patrick Herrmann,GER,"FW,DF",Gladbach,Bundesliga,32,1991,1,27,98,0
435,1138,Son Heung-min,KOR,FW,Tottenham,Premier League,31,1992,32.6,98,78,95
436,1145,Adam Hložek,CZE,"MF,FW",Leverkusen,Bundesliga,21,2002,5.1,40,60,34
437,1148,Philipp Hofmann,GER,FW,Bochum,Bundesliga,30,1993,17.5,74,55,51
438,1149,Lucas Höler,GER,"FW,MF",Freiburg,Bundesliga,29,1994,25.6,81,42,34
439,1152,Benedict Hollerbach,GER,"FW,MF",Union Berlin,Bundesliga,22,2001,14.2,67,53,61
440,1154,Gerrit Holtmann,PHI,"MF,FW",Darmstadt 98,Bundesliga,28,1995,4.4,44,85,61
441,1157,Franck Honorat,FRA,"DF,FW",Gladbach,Bundesliga,26,1996,26.1,98,91,61
442,1158,Mathias Honsak,AUT,"FW,MF",Darmstadt 98,Bundesliga,26,1996,11.3,47,22,51
443,1159,Sydney van Hooijdonk,NED,FW,Bologna,Serie A,23,2000,2.4,14,10,0
444,1160,Fraser Hornby,SCO,"FW,MF",Darmstadt 98,Bundesliga,23,1999,2.4,29,64,34
445,1164,Callum Hudson-Odoi,ENG,"FW,MF",Nott'ham Forest,Premier League,22,2000,20.6,89,79,89
446,1172,Rasmus Højlund,DEN,FW,Manchester Utd,Premier League,20,2003,24,78,39,76
447,1175,Arijon Ibrahimović,GER,"FW,DF",Frosinone,Serie A,17,2005,5.3,40,52,34
448,1176,Iglesias,ESP,"DF,FW",Getafe,La Liga,25,1998,15.7,52,19,34
449,1177,Borja Iglesias,ESP,FW,Betis,La Liga,30,1993,4.5,46,86,0
450,1178,Borja Iglesias,ESP,FW,Leverkusen,Bundesliga,30,1993,2.8,29,51,0
451,1180,Jonathan Ikone,FRA,FW,Fiorentina,Serie A,25,1998,18.7,73,46,91
452,1181,Chukwubuikem Ikwuemesi,NGA,FW,Salernitana,Serie A,21,2001,11.8,43,16,51
453,1182,Andrej Ilic,SRB,FW,Lille,Ligue 1,23,2000,0.1,0,0,0
454,1186,Joel Imasuen,USA,FW,Werder Bremen,Bundesliga,18,2004,0,0,0,0
455,1187,Ciro Immobile,ITA,FW,Lazio,Serie A,33,1990,18.4,66,31,34
456,1189,Danny Ings,ENG,FW,West Ham,Premier League,31,1992,4.5,41,76,61
457,1192,Alexander Isak,SWE,FW,Newcastle Utd,Premier League,23,1999,25.1,85,53,95
458,1193,Gustav Isaksen,DEN,FW,Lazio,Serie A,22,2001,11.9,67,68,61
459,1201,Junya Ito,JPN,"FW,MF",Reims,Ligue 1,30,1993,30.2,98,87,89
460,1204,Alex Iwobi,NGA,"FW,MF",Fulham,Premier League,27,1996,24.4,94,83,83
461,1206,Nicolas Jackson,SEN,FW,Chelsea,Premier League,22,2001,31.1,92,59,99
462,1209,Lee Jae-sung,KOR,"MF,FW",Mainz 05,Bundesliga,30,1992,23.5,83,51,61
463,1213,Kristijan Jakić,CRO,"MF,FW",Eint Frankfurt,Bundesliga,26,1997,2.2,14,11,0
464,1215,Ablie Jallow,GAM,"MF,FW",Metz,Ligue 1,24,1998,10.2,56,56,51
465,1218,Jakub Jankto,CZE,"MF,FW",Cagliari,Serie A,27,1996,9.7,49,37,0
466,1220,Adnan Januzaj,BEL,"FW,MF",Sevilla,La Liga,28,1995,2.1,25,51,34
467,1221,Nuha Jatta,GAM,FW,RB Leipzig,Bundesliga,17,2006,0,0,0,0
468,1223,Luis Javier Suárez,COL,FW,Almería,La Liga,25,1997,10.2,52,47,76
469,1226,Daniel Jebbison,ENG,FW,Sheffield Utd,Premier League,19,2003,0.2,0,0,0
470,1227,Jeffinho,BRA,"FW,MF",Lyon,Ligue 1,23,1999,3.4,41,91,34
471,1228,Fredrik Jensen,FIN,"MF,FW",Augsburg,Bundesliga,25,1997,14.9,74,66,0
472,1231,Gabriel Jesus,BRA,FW,Arsenal,Premier League,26,1997,16.4,79,71,91
473,1234,Raúl Jiménez,MEX,FW,Fulham,Premier League,32,1991,15.5,52,19,70
474,1235,João Pedro,BRA,"FW,MF",Brighton,Premier League,21,2001,22.7,91,79,87
475,1236,Joelinton,BRA,"MF,FW",Newcastle Utd,Premier League,26,1996,14.2,71,64,83
476,1238,Ben Johnson,ENG,"DF,FW",West Ham,Premier League,23,2000,6,32,16,0
477,1239,Brennan Johnson,WAL,FW,Tottenham,Premier League,22,2001,23.2,84,58,70
478,1240,Brennan Johnson,WAL,"FW,MF",Nott'ham Forest,Premier League,22,2001,2.6,27,47,51
479,1247,Jeremy Jorge,ESP,FW,Getafe,La Liga,20,2003,0,0,0,0
480,1248,Kaio Jorge,BRA,FW,Frosinone,Serie A,21,2002,9,47,36,34
481,1250,Willian José,BRA,FW,Betis,La Liga,31,1991,21.9,68,23,34
482,1251,Joselu,ESP,FW,Real Madrid,La Liga,33,1990,18.7,58,18,34
483,1252,Diogo Jota,POR,FW,Liverpool,Premier League,26,1996,12.7,72,75,76
484,1253,Antoine Joujou,FRA,"FW,MF",Le Havre,Ligue 1,20,2003,8.7,58,71,76
485,1254,Luka Jović,SRB,FW,Milan,Serie A,25,1997,9.7,46,27,0
486,1256,Juanmi,ESP,FW,Cádiz,La Liga,30,1993,9.7,46,28,51
487,1261,Eli Junior Kroupi,FRA,"FW,MF",Lorient,Ligue 1,17,2006,12,46,18,61
488,1264,Vinicius Júnior,BRA,FW,Real Madrid,La Liga,23,2000,20.7,88,76,99
489,1267,Julian Justvan,GER,"FW,MF",Hoffenheim,Bundesliga,25,1998,0.5,0,0,0
490,1268,Julian Justvan,GER,"MF,FW",Darmstadt 98,Bundesliga,25,1998,11.4,71,80,76
491,1272,Sory Kaba,GUI,FW,Las Palmas,La Liga,28,1995,8,39,20,34
492,1276,Abdoul Kader Bamba,FRA,"FW,MF",Nantes,Ligue 1,29,1994,6.8,63,92,51
493,1278,Pavel Kadeřábek,CZE,"DF,FW",Hoffenheim,Bundesliga,31,1992,26.8,80,35,0
494,1279,Tino Kadewere,ZIM,"FW,MF",Lyon,Ligue 1,27,1996,3.3,32,49,0
495,1280,Tino Kadewere,ZIM,"FW,MF",Nantes,Ligue 1,27,1996,8.7,47,39,34
496,1282,Florian Kainz,AUT,"MF,FW",Köln,Bundesliga,30,1992,24.4,93,80,76
497,1283,Sasa Kalajdzic,AUT,FW,Wolves,Premier League,26,1997,1.8,23,48,0
498,1284,Sasa Kalajdzic,AUT,FW,Eint Frankfurt,Bundesliga,26,1997,3.6,29,32,0
499,1285,Arnaud Kalimuendo,FRA,FW,Rennes,Ligue 1,21,2002,23.8,84,56,76
500,1286,Yayah Kallon,SLE,FW,Hellas Verona,Serie A,22,2001,0,0,0,0
501,1290,Waren Kamanzi,NOR,"DF,FW",Toulouse,Ligue 1,22,2000,13.2,49,19,0
502,1294,Jakub Kamiński,POL,"FW,MF",Wolfsburg,Bundesliga,21,2002,5.3,27,14,0
503,1297,Harry Kane,ENG,FW,Bayern Munich,Bundesliga,30,1993,31.5,90,46,87
504,1298,Lee Kang-in,KOR,"FW,MF",Paris S-G,Ligue 1,22,2001,16.3,83,82,76
505,1299,Yann Karamoh,FRA,"MF,FW",Torino,Serie A,25,1998,1.8,20,33,34
506,1300,Yann Karamoh,FRA,"FW,MF",Montpellier,Ligue 1,25,1998,3.2,32,53,34
507,1305,Jesper Karlsson,SWE,FW,Bologna,Serie A,25,1998,3.8,35,53,0
508,1306,Jon Karrikaburu,ESP,"MF,FW",Alavés,La Liga,20,2002,0.2,0,0,0
509,1309,Silas Katompa,COD,"FW,MF",Stuttgart,Bundesliga,24,1998,10,68,82,95
510,1311,Mikkel Kaufmann,DEN,FW,Union Berlin,Bundesliga,22,2001,5.4,36,32,51
511,1313,Moise Kean,ITA,FW,Juventus,Serie A,23,2000,7.3,39,24,76
512,1324,Thomas Keller,GER,"MF,FW",Heidenheim,Bundesliga,23,1999,0,0,0,0
513,1326,Omari Kellyman,ENG,FW,Aston Villa,Premier League,17,2005,0.4,0,0,0
514,1331,Reda Khadra,GER,"FW,MF",Reims,Ligue 1,22,2001,15.2,71,58,83
515,1332,Wahbi Khazri,TUN,FW,Montpellier,Ligue 1,32,1991,12.6,52,28,70
516,1335,Kiké,ESP,"FW,MF",Alavés,La Liga,33,1989,15.8,66,43,76
517,1343,Tim Kleindienst,GER,FW,Heidenheim,Bundesliga,27,1995,31.9,85,33,70
518,1345,Justin Kluivert,NED,"MF,FW",Bournemouth,Premier League,24,1999,21.3,79,51,91
519,1354,Luca Koleosho,ITA,"MF,FW",Burnley,Premier League,18,2004,10.8,53,45,95
520,1355,Randal Kolo Muani,FRA,"FW,MF",Paris S-G,Ligue 1,24,1998,14.1,74,70,61
521,1356,Randal Kolo Muani,FRA,FW,Eint Frankfurt,Bundesliga,24,1998,1.7,9,9,0
522,1363,Ibrahima Koné,MLI,FW,Almería,La Liga,24,1999,3.1,23,17,0
523,1364,Ibrahima Koné,MLI,FW,Lorient,Ligue 1,24,1999,0.4,0,0,0
524,1370,Christian Kouamé,CIV,FW,Fiorentina,Serie A,25,1997,12.1,63,57,0
525,1381,Dawid Kownacki,POL,FW,Werder Bremen,Bundesliga,26,1997,4.2,41,79,34
526,1384,Andrej Kramarić,CRO,"MF,FW",Hoffenheim,Bundesliga,32,1991,24.4,98,94,87
527,1391,Nikola Krstović,MNE,FW,Lecce,Serie A,23,2000,26.4,88,56,70
528,1394,Takefusa Kubo,JPN,"FW,MF",Real Sociedad,La Liga,22,2001,23.9,95,88,93
529,1395,Mohammed Kudus,GHA,"FW,MF",West Ham,Premier League,22,2000,27.6,93,72,100
530,1397,Dejan Kulusevski,SWE,"FW,MF",Tottenham,Premier League,23,2000,30.7,98,82,91
531,1400,Justin Kumi,ITA,FW,Sassuolo,Serie A,19,2004,0,0,0,0
532,1404,Khvicha Kvaratskhelia,GEO,FW,Napoli,Serie A,22,2001,30.4,99,91,100
533,1405,Giorgi Kvernadze,GEO,"FW,DF",Frosinone,Serie A,20,2003,0.7,0,0,0
534,1406,Moritz-Broni Kwarteng,GHA,FW,Bochum,Bundesliga,25,1998,3.1,41,94,76
535,1407,Grejohn Kyei,FRA,FW,Clermont Foot,Ligue 1,27,1995,11.4,47,21,34
536,1410,Gaëtan Laborde,FRA,"FW,MF",Nice,Ligue 1,29,1994,21.2,75,40,76
537,1411,Alexandre Lacazette,FRA,FW,Lyon,Ligue 1,32,1991,25.5,77,31,76
538,1419,Adam Lallana,ENG,"MF,FW",Brighton,Premier League,35,1988,9.4,53,56,0
539,1420,Mathis Lambourde,FRA,FW,Rennes,Ligue 1,17,2006,0.1,0,0,0
540,1421,Érik Lamela,ARG,"FW,MF",Sevilla,La Liga,31,1992,5.1,46,78,34
541,1422,Mohamed Lamine Bayo,GUI,FW,Le Havre,Ligue 1,25,1998,15.4,65,43,76
542,1423,Didier Lamkel Zé,CMR,"FW,MF",Metz,Ligue 1,26,1996,6.1,40,40,0
543,1424,Tariq Lamptey,GHA,"DF,FW",Brighton,Premier League,22,2000,10.2,41,19,34
544,1426,Gianluca Lapadula,PER,FW,Cagliari,Serie A,33,1990,13.4,60,43,51
545,1429,Cyle Larin,CAN,FW,Mallorca,La Liga,28,1995,20.3,52,13,51
546,1433,Juanmi Latasa,ESP,FW,Getafe,La Liga,22,2001,17.3,60,23,0
547,1435,Armand Lauriente,FRA,FW,Sassuolo,Serie A,24,1998,32.3,95,67,95
548,1437,Lázaro,BRA,"FW,MF",Almería,La Liga,21,2002,3.2,36,76,0
549,1439,Darko Lazović,SRB,"FW,MF",Hellas Verona,Serie A,32,1990,21.4,79,51,34
550,1444,Jérémy Le Douaron,FRA,FW,Brest,Ligue 1,25,1998,18,58,20,70
551,1449,Rafael Leão,POR,FW,Milan,Serie A,24,1999,27.9,98,89,99
552,1450,Adrien Lebeau,FRA,"MF,FW",Brest,Ligue 1,24,1999,0.6,20,97,0
553,1471,Robert Lewandowski,POL,FW,Barcelona,La Liga,34,1988,30.6,81,28,70
554,1472,Jamie Leweling,GER,"FW,MF",Stuttgart,Bundesliga,22,2001,16.9,80,72,91
555,1474,Keane Lewis-Potter,ENG,"FW,DF",Brentford,Premier League,22,2001,16,60,28,83
556,1478,Jesper Lindstrøm,DEN,"FW,MF",Napoli,Serie A,23,2000,4.8,50,91,61
557,1479,Jesper Lindstrøm,DEN,FW,Eint Frankfurt,Bundesliga,23,2000,0.9,14,30,0
558,1484,Marcin Listkowski,POL,FW,Lecce,Serie A,25,1998,0.1,0,0,0
559,1486,Dejan Ljubicic,AUT,"MF,FW",Köln,Bundesliga,25,1997,22.8,80,47,34
560,1487,Javier Llabrés,ESP,"MF,FW",Mallorca,La Liga,20,2002,2.7,27,44,34
561,1499,Andy Logbo,FRA,FW,Le Havre,Ligue 1,19,2004,2.8,17,12,0
562,1502,Ademola Lookman,NGA,"FW,MF",Atalanta,Serie A,25,1997,21,94,89,98
563,1506,Diego López,ESP,"MF,FW",Valencia,La Liga,21,2002,29.5,88,47,76
564,1507,Fermin López,ESP,"MF,FW",Barcelona,La Liga,20,2003,16.1,68,46,76
565,1523,Anthony Lozano,HON,"MF,FW",Getafe,La Liga,30,1993,1,14,24,0
566,1524,Anthony Lozano,HON,FW,Almería,La Liga,30,1993,8.6,44,32,34
567,1526,Lorenzo Lucca,ITA,FW,Udinese,Serie A,22,2000,28.8,71,17,34
568,1529,José Luis Morales,ESP,"FW,MF",Villarreal,La Liga,36,1987,11.6,50,28,61
569,1532,Romelu Lukaku,BEL,FW,Roma,Serie A,30,1993,29.3,83,35,61
570,1534,Dodi Lukebakio,BEL,"FW,MF",Sevilla,La Liga,25,1997,12.5,72,77,89
571,1541,Zito Luvumbo,ANG,"FW,MF",Cagliari,Serie A,21,2002,21.6,82,58,93
572,1545,Othmane Maamma,FRA,FW,Montpellier,Ligue 1,17,2005,1,27,97,61
573,1546,Ian Maatsen,NED,"FW,MF",Chelsea,Premier League,21,2002,2.3,23,30,0
574,1552,Noni Madueke,ENG,FW,Chelsea,Premier League,21,2002,11.7,74,85,89
575,1561,Frank Magri,CMR,"FW,MF",Toulouse,Ligue 1,23,1999,16,58,26,70
576,1563,Jon Magunacelaya,ESP,"FW,MF",Real Sociedad,La Liga,23,2000,1.3,17,33,34
577,1564,Adel Mahamoud,COM,FW,Nantes,Ligue 1,20,2003,0.1,0,0,0
578,1566,Habib Maïga,CIV,"MF,FW",Metz,Ligue 1,27,1996,1.6,9,10,0
579,1568,Linton Maina,GER,"FW,MF",Köln,Bundesliga,24,1999,21.1,78,50,61
580,1574,Lovro Majer,CRO,"MF,FW",Wolfsburg,Bundesliga,25,1998,23.4,90,71,51
581,1575,Jean-Victor Makengo,FRA,"MF,FW",Lorient,Ligue 1,25,1998,5.3,20,10,34
582,1580,Daniel Maldini,ITA,"MF,FW",Monza,Serie A,21,2001,3.7,44,92,70
583,1581,Daniel Maldini,ITA,"FW,MF",Empoli,Serie A,21,2001,2.9,27,38,51
584,1583,Donyell Malen,NED,"FW,MF",Dortmund,Bundesliga,24,1999,19.8,86,74,87
585,1586,Aaron Malouda,FRA,FW,Lille,Ligue 1,17,2005,0,0,0,0
586,1588,David Mamutovic,GER,"FW,DF",Mainz 05,Bundesliga,22,2000,0.1,9,98,0
587,1590,Hianga Mananga Mbock,FRA,"MF,FW",Brest,Ligue 1,23,1999,0.1,9,99,0
588,1592,Marco Mancosu,ITA,"MF,FW",Cagliari,Serie A,34,1988,1.7,27,80,34
589,1604,Benson Manuel,ANG,"MF,FW",Burnley,Premier League,26,1997,1.3,25,88,51
590,1608,Solly March,ENG,"FW,DF",Brighton,Premier League,29,1994,6.2,48,70,51
591,1612,Alberto Marí,ESP,FW,Valencia,La Liga,22,2001,3.1,29,46,0
592,1613,José Mari,ESP,"MF,FW",Cádiz,La Liga,35,1987,0.2,20,100,0
593,1616,Mariano,DOM,"FW,MF",Sevilla,La Liga,29,1993,2.7,32,65,34
594,1617,Mirko Marić,CRO,FW,Monza,Serie A,28,1995,3.2,27,31,0
595,1623,Omar Marmoush,EGY,"FW,MF",Eint Frankfurt,Bundesliga,24,1999,25.6,86,55,93
596,1624,Marquinhos,BRA,"FW,MF",Nantes,Ligue 1,20,2003,1.7,32,92,0
597,1629,Roger Martí,ESP,FW,Cádiz,La Liga,32,1991,15.1,58,27,0
598,1630,Anthony Martial,FRA,FW,Manchester Utd,Premier League,27,1995,5,35,32,0
599,1636,Gabriel Martinelli,BRA,FW,Arsenal,Premier League,22,2001,22.4,92,81,95
600,1641,Lautaro Martínez,ARG,FW,Inter,Serie A,25,1997,29.5,94,68,70
601,1646,Marvin,ESP,"FW,DF",Las Palmas,La Liga,23,2000,20.6,58,16,61
602,1652,Roberto Massimo,GER,"FW,DF",Stuttgart,Bundesliga,22,2000,0.9,9,11,0
603,1654,Jaime Mata,ESP,"FW,MF",Getafe,La Liga,34,1988,19.9,68,29,51
604,1657,Jean-Philippe Mateta,FRA,FW,Crystal Palace,Premier League,26,1997,25.4,82,44,76
605,1664,Jean Mattéo Bahoya,FRA,"MF,FW",Eint Frankfurt,Bundesliga,18,2005,2,25,58,0
606,1669,Neal Maupay,FRA,FW,Brentford,Premier League,26,1996,14.7,66,49,51
607,1670,Neal Maupay,FRA,FW,Everton,Premier League,26,1996,1.2,17,38,0
608,1671,Aïman Maurer,MAR,"MF,FW",Clermont Foot,Ligue 1,18,2004,0.6,9,17,0
609,1675,Eric Maxim Choupo-Moting,CMR,"MF,FW",Bayern Munich,Bundesliga,34,1989,8,60,84,51
610,1678,Borja Mayoral,ESP,FW,Getafe,La Liga,26,1997,23.9,76,34,87
611,1679,Senny Mayulu,FRA,"FW,MF",Paris S-G,Ligue 1,17,2006,3.6,32,42,34
612,1680,Youssef Maziz,FRA,"FW,MF",Metz,Ligue 1,25,1998,1.4,25,85,0
613,1688,Kylian Mbappé,FRA,FW,Paris S-G,Ligue 1,24,1998,24,93,80,99
614,1689,Malick Mbaye,SEN,"MF,FW",Metz,Ligue 1,19,2004,1.7,17,20,34
615,1693,Bryan Mbeumo,CMR,FW,Brentford,Premier League,23,1999,21.8,89,75,51
616,1694,Christ Mbondi,FRA,FW,Reims,Ligue 1,18,2004,0,0,0,0
617,1695,Jordi Mboula,ESP,"FW,MF",Hellas Verona,Serie A,24,1999,3.4,23,15,34
618,1696,Nathanael Mbuku,FRA,FW,Augsburg,Bundesliga,21,2002,0.1,0,0,0
619,1697,James Mcatee,ENG,"MF,FW",Sheffield Utd,Premier League,20,2002,20.2,79,56,76
620,1699,Oliver McBurnie,SCO,FW,Sheffield Utd,Premier League,27,1996,14.2,55,27,0
621,1701,John McGinn,SCO,"MF,FW",Aston Villa,Premier League,28,1994,33.3,95,61,83
622,1704,Dwight McNeil,ENG,"MF,FW",Everton,Premier League,23,1999,32.1,98,80,76
623,1705,Scott McTominay,SCO,"MF,FW",Manchester Utd,Premier League,26,1996,21.1,52,13,34
624,1711,Hannibal Mejbri,TUN,"MF,FW",Manchester Utd,Premier League,20,2003,1.5,25,81,0
625,1713,Óscar Melendo,ESP,"MF,FW",Granada,La Liga,25,1997,12.5,43,15,0
626,1714,Gonzalo Melero,ESP,"MF,FW",Almería,La Liga,29,1994,12.3,61,53,34
627,1717,Memphis,NED,FW,Atlético Madrid,La Liga,29,1994,9.9,63,74,87
628,1721,Brais Méndez,ESP,"MF,FW",Real Sociedad,La Liga,26,1997,26.8,94,75,76
629,1741,Omenuke Mfulu,COD,"MF,FW",Las Palmas,La Liga,29,1994,0.9,14,34,0
630,1742,Lucas Michal,FRA,FW,Monaco,Ligue 1,18,2005,0.1,0,0,0
631,1743,Sven Michel,GER,"FW,MF",Augsburg,Bundesliga,33,1990,6.5,40,41,34
632,1744,Miguel,ESP,"FW,MF",Alavés,La Liga,23,1999,0.7,9,14,0
633,1745,Georges Mikautadze,GEO,FW,Metz,Ligue 1,22,2000,19.4,78,57,95
634,1748,Arkadiusz Milik,POL,FW,Juventus,Serie A,29,1994,10.2,63,72,34
635,1752,Enzo Millot,FRA,"MF,FW",Stuttgart,Bundesliga,21,2002,24.9,89,64,89
636,1754,Jovan Milošević,SRB,"FW,MF",Stuttgart,Bundesliga,18,2005,0.3,0,0,0
637,1755,Marko Milovanović,SRB,"FW,MF",Almería,La Liga,19,2003,3.4,23,15,0
638,1764,Rafa Mir,ESP,"FW,MF",Sevilla,La Liga,26,1997,4.3,38,57,51
639,1766,Aleksei Miranchuk,RUS,"MF,FW",Atalanta,Serie A,27,1995,13.1,89,96,51
640,1773,Kaoru Mitoma,JPN,FW,Brighton,Premier League,26,1997,16.5,80,74,93
641,1774,Aleksandar Mitrović,SRB,FW,Fulham,Premier League,28,1994,0.4,14,94,34
642,1775,Stefan Mitrović,SRB,"FW,MF",Hellas Verona,Serie A,20,2002,4.3,27,17,34
643,1782,Terem Moffi,NGA,FW,Nice,Ligue 1,24,1999,21.7,69,27,83
644,1783,Mostafa Mohamed,EGY,FW,Nantes,Ligue 1,25,1997,22.2,72,30,70
645,1784,Dion Moise Sahi,CIV,"MF,FW",Strasbourg,Ligue 1,21,2001,7,35,16,34
646,1786,Alberto Moleiro,ESP,"FW,MF",Las Palmas,La Liga,19,2003,20,83,66,93
647,1788,Florent Mollet,FRA,"MF,FW",Nantes,Ligue 1,31,1991,23.1,83,53,61
648,1795,Kieffer Moore,WAL,"FW,MF",Bournemouth,Premier League,30,1992,1.2,23,82,0
649,1797,Álvaro Morata,ESP,FW,Atlético Madrid,La Liga,30,1992,21.2,66,23,83
650,1798,Diego Moreira,POR,"FW,MF",Lyon,Ligue 1,18,2004,3,20,14,0
651,1801,Gerard Moreno,ESP,FW,Villarreal,La Liga,31,1992,24.6,93,81,87
652,1804,Ilaix Moriba,GUI,"MF,FW",Getafe,La Liga,20,2003,6.7,43,47,0
653,1807,Carlton Morris,ENG,"FW,MF",Luton Town,Premier League,27,1995,31.8,85,33,76
654,1810,Dany Mota,POR,"FW,MF",Monza,Serie A,25,1998,22.8,85,60,0
655,1811,Lebo Mothiba,RSA,FW,Strasbourg,Ligue 1,27,1996,6.9,36,20,34
656,1812,Youssoufa Moukoko,GER,FW,Dortmund,Bundesliga,18,2004,6.9,38,22,51
657,1813,Steve Mounié,BEN,FW,Brest,Ligue 1,28,1994,19.7,58,18,0
658,1814,Mason Mount,ENG,"MF,FW",Manchester Utd,Premier League,24,1999,5.7,43,61,51
659,1817,Divin Mubama,ENG,FW,West Ham,Premier League,18,2004,0.9,0,0,0
660,1818,Mykhailo Mudryk,UKR,FW,Chelsea,Premier League,22,2001,17.5,79,68,87
661,1821,Samuele Mulattieri,ITA,"FW,MF",Sassuolo,Serie A,22,2000,5.1,34,24,0
662,1826,Thomas Müller,GER,"MF,FW",Bayern Munich,Bundesliga,33,1989,18.4,93,92,34
663,1829,Iker Muniain,ESP,"MF,FW",Athletic Club,La Liga,30,1992,6.6,51,75,34
664,1830,Rodrigo Muniz,BRA,FW,Fulham,Premier League,22,2001,17.7,65,31,61
665,1832,Álvaro Muñoz,URU,FW,Real Madrid,La Liga,19,2004,0,0,0,0
666,1838,Luis Muriel,COL,"FW,MF",Atalanta,Serie A,32,1991,4.5,55,96,34
667,1840,Vedat Muriqi,KVX,FW,Mallorca,La Liga,29,1994,25.9,75,26,51
668,1841,Alex Murphy,IRL,"DF,FW",Newcastle Utd,Premier League,19,2004,0.1,0,0,0
669,1842,Jacob Murphy,ENG,"FW,DF",Newcastle Utd,Premier League,28,1995,13.2,77,82,51
670,1843,Yunus Musah,USA,"MF,FW",Milan,Serie A,20,2002,16.4,64,36,76
671,1844,Jamal Musiala,GER,"MF,FW",Bayern Munich,Bundesliga,20,2003,19.5,95,94,95
672,1845,Florent Muslija,KVX,"MF,FW",Freiburg,Bundesliga,25,1998,1.2,32,98,34
673,1847,Kingstone Mutandwa,ZAM,"FW,MF",Cagliari,Serie A,20,2003,0.4,0,0,0
674,1849,Joel Mvuka,NOR,"DF,FW",Lorient,Ligue 1,20,2002,2.2,9,9,0
675,1850,Junior Mwanga,FRA,"MF,FW",Strasbourg,Ligue 1,20,2003,16.1,58,25,34
676,1856,Nathan N'Goumou,FRA,"FW,MF",Gladbach,Bundesliga,23,2000,15.4,68,49,89
677,1859,Bilal Nadir,FRA,"MF,FW",Marseille,Ligue 1,19,2003,1.3,17,37,0
678,1862,Keito Nakamura,JPN,"FW,MF",Reims,Ligue 1,23,2000,15.3,63,38,61
679,1867,Roberto Navarro,ESP,"MF,FW",Cádiz,La Liga,21,2002,21,92,87,95
680,1872,Bassirou Ndiaye,SEN,FW,Lorient,Ligue 1,21,2002,1.7,17,20,0
681,1873,Iliman Ndiaye,SEN,"FW,MF",Marseille,Ligue 1,23,2000,18,80,67,89
682,1875,Rassoul Ndiaye,SEN,"MF,FW",Le Havre,Ligue 1,21,2001,5.8,27,13,34
683,1876,Michael Ndiweni,ENG,FW,Newcastle Utd,Premier League,19,2003,0,0,0,0
684,1878,Dan Ndoye,SUI,"FW,MF",Bologna,Serie A,22,2000,19.7,80,61,91
685,1881,Álvaro Negredo,ESP,"FW,MF",Cádiz,La Liga,37,1985,0.6,17,91,0
686,1882,Reiss Nelson,ENG,FW,Arsenal,Premier League,23,1999,3,32,58,0
687,1885,Pedro Neto,POR,"FW,MF",Wolves,Premier League,23,2000,16.8,86,86,89
688,1890,Jessic Ngankam,GER,"FW,MF",Mainz 05,Bundesliga,23,2000,2,27,68,0
689,1891,Jessic Ngankam,GER,FW,Eint Frankfurt,Bundesliga,23,2000,3.1,20,13,34
690,1892,Cyril Ngonge,BEL,"FW,MF",Hellas Verona,Serie A,23,2000,15.9,79,75,91
691,1893,Cyril Ngonge,BEL,FW,Napoli,Serie A,23,2000,3.5,52,98,76
692,1894,Steve Ngoura,FRA,"FW,MF",Le Havre,Ligue 1,18,2005,2.5,32,71,51
693,1896,M'Baye Niang,SEN,FW,Empoli,Serie A,28,1994,7.9,43,35,61
694,1898,Shamar Nicholson,JAM,FW,Clermont Foot,Ligue 1,26,1997,16.5,69,47,61
695,1903,Justin Njinmah,GER,FW,Werder Bremen,Bundesliga,22,2000,11.3,58,52,87
696,1904,Eddie Nketiah,ENG,FW,Arsenal,Premier League,24,1999,12,53,36,61
697,1906,Christopher Nkunku,FRA,"FW,MF",Chelsea,Premier League,25,1997,4.9,38,47,34
698,1908,Lukas Nmecha,GER,FW,Wolfsburg,Bundesliga,24,1998,0.5,14,84,0
699,1912,Arnaud Nordin,FRA,"FW,MF",Montpellier,Ligue 1,25,1998,13.8,77,80,83
700,1915,Tijjani Noslin,NED,"FW,MF",Hellas Verona,Serie A,24,1999,14.9,77,73,51
701,1916,Randy Nteka,ANG,"FW,MF",Rayo Vallecano,La Liga,25,1997,6.4,44,57,51
702,1917,Ernest Nuamah,GHA,"FW,MF",Lyon,Ligue 1,19,2003,20.4,85,71,89
703,1922,Darwin Núñez,URU,FW,Liverpool,Premier League,24,1999,22.7,88,69,76
704,1925,Ethan Nwaneri,ENG,FW,Arsenal,Premier League,16,2007,0.2,9,97,0
705,1926,Simeon Nwankwo,NGA,FW,Salernitana,Serie A,31,1992,7.6,27,11,0
706,1929,Rabby Nzingoula,CGO,"MF,FW",Strasbourg,Ligue 1,17,2005,1.5,17,27,0
707,1930,M'Bala Nzola,ANG,FW,Fiorentina,Serie A,26,1996,17.2,68,39,51
708,1933,Mark O'Mahony,IRL,FW,Brighton,Premier League,18,2005,0.7,0,0,0
709,1935,Michael Obafemi,IRL,"FW,MF",Burnley,Premier League,23,2000,0.2,9,84,0
710,1939,Brian Ocampo,URU,"MF,FW",Cádiz,La Liga,24,1999,2.8,29,54,51
711,1940,Lucas Ocampos,ARG,"FW,MF",Sevilla,La Liga,29,1994,31.9,93,60,70
712,1942,Jens Odgaard,DEN,"FW,MF",Bologna,Serie A,24,1999,4.8,29,18,0
713,1943,Wilson Odobert,FRA,"MF,FW",Burnley,Premier League,18,2004,23.3,87,63,93
714,1950,Noah Okafor,SUI,"FW,MF",Milan,Serie A,23,2000,9.9,43,21,70
715,1951,David Okereke,NGA,"FW,MF",Torino,Serie A,25,1997,2.8,17,11,0
716,1954,Masaya Okugawa,JPN,"FW,DF",Augsburg,Bundesliga,27,1996,0.4,0,0,0
717,1956,Aingeru Olabarrieta,ESP,FW,Athletic Club,La Liga,17,2005,0.1,9,99,0
718,1957,Michael Olakigbe,ENG,"DF,FW",Brentford,Premier League,19,2004,0.7,17,87,34
719,1960,Mathias Olesen,LUX,"MF,FW",Köln,Bundesliga,22,2001,1.2,14,17,0
720,1961,Michael Olise,FRA,"FW,MF",Crystal Palace,Premier League,21,2001,14.2,89,95,95
721,1969,Samu Omorodion,ESP,FW,Alavés,La Liga,19,2004,21.3,58,15,76
722,1970,Samu Omorodion,ESP,FW,Granada,La Liga,19,2004,0.9,14,34,0
723,1974,Ryan One,SCO,FW,Sheffield Utd,Premier League,17,2006,0.1,0,0,0
724,1975,Karim Onisiwo,AUT,"FW,MF",Mainz 05,Bundesliga,31,1992,16.6,74,59,76
725,1979,Loïs Openda,BEL,FW,RB Leipzig,Bundesliga,23,2000,30,90,51,87
726,1980,Royce Openda Owaga,GAB,FW,Lorient,Ligue 1,21,2002,0.2,0,0,0
727,1982,Leon Opitz,GER,"FW,DF",Werder Bremen,Bundesliga,18,2005,0.2,0,0,0
728,1983,Gift Orban,NGA,FW,Lyon,Ligue 1,21,2002,5.3,29,16,34
729,1986,Divock Origi,BEL,FW,Nott'ham Forest,Premier League,28,1995,6.7,40,37,51
730,1987,Gaetano Oristanio,ITA,"FW,MF",Cagliari,Serie A,20,2002,12.3,65,61,83
731,1989,Riccardo Orsolini,ITA,"FW,MF",Bologna,Serie A,26,1997,19.9,90,83,89
732,1995,Victor Osimhen,NGA,FW,Napoli,Serie A,24,1998,22,76,40,70
733,1998,William Osula,DEN,FW,Sheffield Utd,Premier League,19,2003,8.7,36,14,34
734,1999,Dango Ouattara,BFA,"FW,DF",Bournemouth,Premier League,21,2002,13.7,70,64,70
735,2000,Kassoum Ouattara,FRA,"DF,FW",Monaco,Ligue 1,18,2004,7.1,39,25,34
736,2001,Remi Oudin,FRA,"MF,FW",Lecce,Serie A,26,1996,20.2,92,87,0
737,2004,Adam Ounas,ALG,FW,Lille,Ligue 1,26,1996,4.6,53,96,70
738,2005,Patrick Ouotro,CIV,FW,Strasbourg,Ligue 1,17,2005,0.1,9,99,0
739,2008,Mikel Oyarzabal,ESP,"FW,MF",Real Sociedad,La Liga,26,1997,24,67,19,70
740,2015,Gonçalo Paciência,POR,"FW,MF",Bochum,Bundesliga,28,1994,7.2,56,82,70
741,2020,Isaac Palazón Camacho,ESP,"MF,FW",Rayo Vallecano,La Liga,28,1994,31,96,72,51
742,2023,Cole Palmer,ENG,"FW,MF",Chelsea,Premier League,21,2002,29,99,94,97
743,2026,Joaquín Panichelli,ARG,"FW,MF",Alavés,La Liga,20,2002,2.5,25,38,0
744,2029,Christos Papadopoulos,GRE,FW,Genoa,Serie A,18,2004,0,0,0,0
745,2033,Lucas Paquetá,BRA,"FW,MF",West Ham,Premier League,25,1997,29.1,92,63,87
746,2034,Victor Parada,ESP,"FW,MF",Alavés,La Liga,21,2002,0,0,0,0
747,2036,Kevin Paredes,USA,"FW,MF",Wolfsburg,Bundesliga,20,2003,15.9,71,54,70
748,2040,Ben Parkinson,ENG,FW,Newcastle Utd,Premier League,18,2005,0.3,0,0,0
749,2044,Pascu,ESP,FW,Villarreal,La Liga,20,2003,0.2,0,0,0
750,2054,Leonardo Pavoletti,ITA,FW,Cagliari,Serie A,34,1988,7,39,26,0
751,2056,Nicolás Paz,ARG,"MF,FW",Real Madrid,La Liga,18,2004,0.3,9,78,0
752,2062,Pedri,ESP,"MF,FW",Barcelona,La Liga,20,2002,16.4,83,83,34
753,2063,Pedro,ESP,"FW,MF",Lazio,Serie A,36,1987,9.1,52,56,61
754,2065,Jordan Pefok,USA,FW,Gladbach,Bundesliga,27,1996,15.8,61,32,51
755,2066,Jordan Pefok,USA,FW,Union Berlin,Bundesliga,27,1996,0.3,9,66,0
756,2067,Dženan Pejčinović,GER,FW,Wolfsburg,Bundesliga,18,2005,0.4,14,90,0
757,2068,Pietro Pellegri,ITA,FW,Torino,Serie A,22,2001,8.4,36,15,34
758,2071,Facundo Pellistri,URU,"FW,MF",Manchester Utd,Premier League,21,2001,1.9,17,16,0
759,2072,Facundo Pellistri,URU,"MF,FW",Granada,La Liga,21,2001,13.7,68,60,34
760,2075,Faris Pemi Moumbagna,CMR,FW,Marseille,Ligue 1,23,2000,6.1,40,41,0
761,2078,Rubén Peña,ESP,"DF,FW",Osasuna,La Liga,32,1991,23.2,80,46,83
762,2079,Pepín,EQG,"MF,FW",Monza,Serie A,26,1996,2.7,27,46,0
763,2080,Alberto Perea,ESP,"MF,FW",Granada,La Liga,32,1990,0,14,100,0
764,2083,Mathias Pereira Lage,POR,"FW,MF",Brest,Ligue 1,26,1996,13.2,63,51,51
765,2086,Roberto Pereyra,ARG,"FW,MF",Udinese,Serie A,32,1991,20.6,76,44,76
766,2087,Ayoze Pérez,ESP,FW,Betis,La Liga,30,1993,25.5,91,69,95
767,2089,Francisco Perez,ESP,"MF,FW",Valencia,La Liga,20,2002,22.8,66,20,61
768,2090,Kike Pérez,ESP,"MF,FW",Rayo Vallecano,La Liga,26,1997,9.3,52,55,0
769,2092,Matteo Perez Vinlöf,SWE,FW,Bayern Munich,Bundesliga,17,2005,0.2,0,0,0
770,2096,Ivan Perišić,CRO,FW,Tottenham,Premier League,34,1989,1.1,29,97,34
771,2097,Romain Perraud,FRA,"DF,FW",Nice,Ligue 1,25,1997,4.1,23,13,0
772,2102,Andrea Petagna,ITA,FW,Cagliari,Serie A,28,1995,11.1,56,48,34
773,2104,Njegoš Petrović,SRB,"MF,FW",Granada,La Liga,24,1999,1.7,20,35,0
774,2106,Jens Petter Hauge,NOR,"MF,FW",Eint Frankfurt,Bundesliga,23,1999,1.6,17,21,0
775,2109,Luca Pfeiffer,GER,"FW,MF",Darmstadt 98,Bundesliga,26,1996,18,73,49,51
776,2111,Maximilian Philipp,GER,"FW,MF",Freiburg,Bundesliga,29,1994,3.6,29,32,0
777,2114,Jaden Philogene Bidace,ENG,FW,Aston Villa,Premier League,21,2002,0,0,0,0
778,2116,Roberto Piccoli,ITA,FW,Empoli,Serie A,22,2001,0.4,14,89,0
779,2117,Roberto Piccoli,ITA,FW,Lecce,Serie A,22,2001,15.3,58,29,61
780,2118,Florian Pick,GER,"MF,FW",Heidenheim,Bundesliga,27,1995,3.6,41,88,70
781,2121,Marvin Pieringer,GER,"MF,FW",Heidenheim,Bundesliga,23,1999,16.8,55,19,34
782,2122,Santiago Pierotti,ARG,"MF,FW",Lecce,Serie A,22,2001,2.2,36,93,61
783,2125,Andrea Pinamonti,ITA,FW,Sassuolo,Serie A,24,1999,34.2,79,19,61
784,2127,Yeremi Pino,ESP,"MF,FW",Villarreal,La Liga,20,2002,5.3,38,40,34
785,2131,Alassane Pléa,FRA,"FW,MF",Gladbach,Bundesliga,30,1993,21.3,87,72,76
786,2135,Matteo Politano,ITA,FW,Napoli,Serie A,29,1993,26.2,99,93,83
787,2136,Sebastian Polter,GER,FW,Darmstadt 98,Bundesliga,32,1991,5,34,26,0
788,2141,Portu,ESP,FW,Getafe,La Liga,31,1992,1.1,14,22,0
789,2142,Portu,ESP,"MF,FW",Girona,La Liga,31,1992,13.2,55,31,51
790,2144,Yussuf Poulsen,DEN,FW,RB Leipzig,Bundesliga,29,1994,13.5,63,50,70
791,2149,Abdón Prats,ESP,"FW,MF",Mallorca,La Liga,30,1992,14.1,49,18,34
792,2155,Antonio Puertas,ESP,"MF,FW",Granada,La Liga,31,1992,8.1,55,70,70
793,2156,Arnau Puigmal,ESP,"FW,DF",Almería,La Liga,22,2001,2.8,20,15,0
794,2157,Christian Pulisic,USA,"FW,MF",Milan,Serie A,24,1998,28.9,91,60,89
795,2158,George Pușcaș,ROU,FW,Genoa,Serie A,27,1996,2.1,23,37,34
796,2163,Nemanja Radonjić,SRB,"MF,FW",Torino,Serie A,27,1996,4.2,32,30,51
797,2169,Abdellah Raihani,MAR,FW,Atlético Madrid,La Liga,19,2004,0.1,0,0,0
798,2171,Luca Raimund,GER,"FW,MF",Stuttgart,Bundesliga,18,2005,0.3,17,98,0
799,2173,Jesurun Rak Sakyi,ENG,"MF,FW",Crystal Palace,Premier League,20,2002,1.5,25,79,51
800,2176,Largie Ramazani,BEL,"FW,MF",Almería,La Liga,22,2001,17.3,78,64,87
801,2177,Benito Ramírez,ESP,"FW,MF",Las Palmas,La Liga,28,1995,4.3,29,22,34
802,2178,Sandro Ramírez,ESP,FW,Las Palmas,La Liga,28,1995,20.1,87,77,70
803,2179,Chris Ramos,ESP,"FW,MF",Cádiz,La Liga,26,1997,29,65,14,87
804,2180,Gonçalo Ramos,POR,FW,Paris S-G,Ligue 1,22,2001,15.8,60,30,34
805,2183,Aaron Ramsey,ENG,"MF,FW",Burnley,Premier League,20,2003,5.9,23,10,0
806,2184,Jacob Ramsey,ENG,"FW,MF",Aston Villa,Premier League,22,2001,9.5,55,59,34
807,2187,Grant Ranos,ARM,"MF,FW",Gladbach,Bundesliga,20,2003,0.5,14,71,0
808,2188,Raphinha,BRA,"FW,MF",Barcelona,La Liga,26,1996,15.2,91,95,83
809,2190,Elba Rashani,KVX,"MF,FW",Clermont Foot,Ligue 1,30,1993,13.1,55,32,34
810,2191,Marcus Rashford,ENG,FW,Manchester Utd,Premier League,25,1997,25.2,91,68,98
811,2192,Giacomo Raspadori,ITA,"FW,MF",Napoli,Serie A,23,2000,17.6,86,83,70
812,2194,Raúl,ESP,FW,Osasuna,La Liga,22,2000,15.1,48,15,0
813,2199,Abderrahman Rebbach,ALG,"FW,MF",Alavés,La Liga,24,1998,8,55,72,70
814,2200,Nathan Redmond,ENG,"FW,MF",Burnley,Premier League,29,1994,1.6,29,91,34
815,2204,Bobby Reid,JAM,FW,Fulham,Premier League,30,1993,15.8,61,30,34
816,2207,Reinier,BRA,"MF,FW",Frosinone,Serie A,21,2002,11.8,60,54,0
817,2211,Mateo Retegui,ITA,FW,Genoa,Serie A,24,1999,24.6,55,12,70
818,2212,Marco Reus,GER,"MF,FW",Dortmund,Bundesliga,34,1989,17.8,83,77,34
819,2214,Gio Reyna,USA,"FW,MF",Nott'ham Forest,Premier League,20,2002,2.6,36,88,34
820,2215,Gio Reyna,USA,"MF,FW",Dortmund,Bundesliga,20,2002,3.1,51,98,51
821,2218,Rodrigo Ribeiro,POR,"MF,FW",Nott'ham Forest,Premier League,18,2005,0.2,9,92,0
822,2223,Richarlison,BRA,FW,Tottenham,Premier League,26,1997,16.6,60,27,61
823,2224,Marco Richter,GER,"MF,FW",Mainz 05,Bundesliga,25,1997,8,53,69,51
824,2228,Jaïro Riedewald,NED,"MF,FW",Crystal Palace,Premier League,26,1996,2.6,9,9,0
825,2230,Luis Rioja,ESP,"FW,MF",Alavés,La Liga,29,1993,27.8,89,55,76
826,2235,Matt Ritchie,SCO,"FW,MF",Newcastle Utd,Premier League,33,1989,1.4,17,29,0
827,2245,Sergio Rodelas,ESP,"FW,DF",Granada,La Liga,18,2004,1.4,25,86,0
828,2247,Rodri,ESP,"FW,MF",Betis,La Liga,23,2000,11.7,60,52,61
829,2248,Óscar Rodríguez Arnaiz,ESP,"MF,FW",Getafe,La Liga,25,1998,10.7,73,87,70
830,2252,Jay Rodriguez,ENG,FW,Burnley,Premier League,34,1989,9.1,38,15,51
831,2256,Rodrygo,BRA,FW,Real Madrid,La Liga,22,2001,26.4,96,82,99
832,2259,Morgan Rogers,ENG,"MF,FW",Aston Villa,Premier League,21,2002,7.1,49,63,61
833,2260,Merlin Röhl,GER,"MF,FW",Freiburg,Bundesliga,21,2002,16.4,70,50,61
834,2265,Luka Romero,ARG,"FW,MF",Milan,Serie A,18,2004,1,14,26,0
835,2266,Luka Romero,ARG,FW,Almería,La Liga,18,2004,4.9,34,27,51
836,2272,Vitor Roque,BRA,FW,Barcelona,La Liga,18,2005,3.6,20,12,34
837,2289,Aitor Ruibal,ESP,"DF,FW",Betis,La Liga,27,1996,11.3,60,55,51
838,2296,Emmanuel Sabbi,USA,"FW,MF",Le Havre,Ligue 1,25,1997,17.6,69,42,76
839,2300,Dominic Sadi,ENG,FW,Bournemouth,Premier League,19,2003,0,0,0,0
840,2301,Umar Sadiq,NGA,FW,Real Sociedad,La Liga,26,1997,12,49,23,83
841,2302,Alexis Saelemaekers,BEL,"FW,MF",Bologna,Serie A,24,1999,21,90,81,83
842,2304,Wesley Saïd,FRA,"FW,MF",Lens,Ligue 1,28,1995,11.3,64,66,70
843,2306,Bukayo Saka,ENG,FW,Arsenal,Premier League,21,2001,32.4,100,95,93
844,2308,Ibrahim Salah,MAR,"FW,MF",Rennes,Ligue 1,21,2001,5.8,41,55,34
845,2309,Mohamed Salah,EGY,FW,Liverpool,Premier League,31,1992,28.2,98,90,87
846,2310,Amine Salama,FRA,FW,Reims,Ligue 1,23,2000,3.5,29,35,0
847,2314,Roland Sallai,HUN,"MF,FW",Freiburg,Bundesliga,26,1997,20.4,83,67,51
848,2320,Mama Samba Baldé,GNB,"FW,MF",Lyon,Ligue 1,27,1995,6.1,47,68,76
849,2325,Antonio Sanabria,PAR,"FW,MF",Torino,Serie A,27,1996,23.7,64,17,34
850,2329,Alexis Sánchez,CHI,"FW,MF",Inter,Serie A,34,1988,8.5,61,81,34
851,2335,Jadon Sancho,ENG,"FW,MF",Manchester Utd,Premier League,23,2000,0.9,20,88,0
852,2336,Jadon Sancho,ENG,"FW,MF",Dortmund,Bundesliga,23,2000,10.5,74,90,87
853,2338,Ibou Sané,SEN,"MF,FW",Metz,Ligue 1,18,2005,1.4,14,15,34
854,2339,Leroy Sané,GER,FW,Bayern Munich,Bundesliga,27,1996,23.7,99,95,93
855,2344,Nicola Sansone,ITA,"FW,MF",Lecce,Serie A,31,1991,8.5,69,92,70
856,2351,Riccardo Saponara,ITA,"FW,MF",Hellas Verona,Serie A,31,1991,3.8,27,21,0
857,2352,Pablo Sarabia,ESP,"MF,FW",Wolves,Premier League,31,1992,19.4,91,87,51
858,2353,Amin Sarr,SWE,"FW,MF",Lyon,Ligue 1,22,2001,1.1,17,49,0
859,2354,Amin Sarr,SWE,"FW,MF",Wolfsburg,Bundesliga,22,2001,4.3,23,12,0
860,2356,Ismaila Sarr,SEN,"FW,MF",Marseille,Ligue 1,25,1998,16.1,66,41,51
861,2358,Martin Satriano,URU,FW,Brest,Ligue 1,22,2001,20.7,78,50,76
862,2361,Sávio,BRA,"FW,MF",Girona,La Liga,19,2004,33.1,96,70,98
863,2366,Gianluca Scamacca,ITA,FW,Atalanta,Serie A,24,1999,16.1,80,77,34
864,2367,Dane Scarlett,ENG,FW,Tottenham,Premier League,19,2004,0.2,9,81,0
865,2368,Kevin Schade,GER,"FW,MF",Brentford,Premier League,21,2001,3.7,36,62,34
866,2371,Patrik Schick,CZE,FW,Leverkusen,Bundesliga,27,1996,11.8,56,43,61
867,2372,Stefan Schimmer,GER,"MF,FW",Heidenheim,Bundesliga,29,1994,1.7,20,36,0
868,2376,Jeffrey Schlupp,GHA,"FW,MF",Crystal Palace,Premier League,30,1992,15,53,22,51
869,2377,Romano Schmid,AUT,"MF,FW",Werder Bremen,Bundesliga,23,2000,28.9,96,81,70
870,2389,Jérémy Sebas,MTQ,"FW,MF",Strasbourg,Ligue 1,20,2003,4.4,34,33,51
871,2392,Demba Seck,SEN,"FW,MF",Frosinone,Serie A,22,2001,3.3,36,73,0
872,2397,Nikola Sekulov,ITA,FW,Juventus,Serie A,21,2002,0.1,0,0,0
873,2398,Davie Selke,GER,FW,Köln,Bundesliga,28,1995,14.1,53,25,51
874,2402,Vivaldo Semedo,POR,FW,Udinese,Serie A,18,2005,0.1,0,0,0
875,2403,Antoine Semenyo,GHA,FW,Bournemouth,Premier League,23,2000,23.4,85,59,95
876,2408,Benjamin Šeško,SVN,FW,RB Leipzig,Bundesliga,20,2003,17,61,28,83
877,2409,Kevin Sessa,GER,"MF,FW",Heidenheim,Bundesliga,23,2000,11.2,67,73,61
878,2410,Aaron Seydel,GER,FW,Darmstadt 98,Bundesliga,27,1996,6.9,38,23,0
879,2412,Stephan El Shaarawy,ITA,"FW,DF",Roma,Serie A,30,1992,19.3,76,50,61
880,2415,Eldor Shomurodov,UZB,"FW,MF",Cagliari,Serie A,28,1995,10.4,50,36,61
881,2416,Steven Shpendi,ALB,"FW,MF",Empoli,Serie A,20,2003,4.6,34,31,0
882,2421,André Silva,POR,FW,Real Sociedad,La Liga,27,1995,8.1,32,12,0
883,2422,Bernardo Silva,POR,"MF,FW",Manchester City,Premier League,28,1994,28.6,98,87,83
884,2424,Fábio Silva,POR,FW,Wolves,Premier League,21,2002,2.9,32,59,34
885,2429,Giovanni Simeone,ARG,FW,Napoli,Serie A,28,1995,8.9,53,61,51
886,2430,Giuliano Simeone,ARG,FW,Alavés,La Liga,20,2002,7,48,60,0
887,2432,Moses Simon,NGA,"FW,MF",Nantes,Ligue 1,28,1995,19.9,82,64,95
888,2436,Luis Sinisterra,COL,"FW,MF",Bournemouth,Premier League,24,1999,7.8,68,94,91
889,2439,Ayanda Sishuba,BEL,"MF,FW",Lens,Ligue 1,18,2005,0.7,29,99,70
890,2443,Tim Skarke,GER,"FW,DF",Darmstadt 98,Bundesliga,26,1996,26.7,85,49,76
891,2448,Robert Skov,DEN,"DF,FW",Hoffenheim,Bundesliga,27,1996,14,70,62,0
892,2450,Naatan Skyttä,FIN,"MF,FW",Toulouse,Ligue 1,21,2002,1.3,34,98,34
893,2458,Rubén Sobrino,ESP,"MF,FW",Cádiz,La Liga,31,1992,18.3,65,30,61
894,2461,Alex Sola,ESP,"FW,MF",Alavés,La Liga,24,1999,14,83,90,98
895,2463,Dominic Solanke,ENG,FW,Bournemouth,Premier League,25,1997,36.9,88,30,83
896,2464,Ola Solbakken,NOR,FW,Roma,Serie A,24,1998,0.3,9,78,0
897,2467,Manor Solomon,ISR,FW,Tottenham,Premier League,24,1999,2.2,44,98,34
898,2474,Borna Sosa,CRO,"FW,DF",Stuttgart,Bundesliga,25,1998,0.5,23,99,0
899,2476,Florian Sotoca,FRA,"MF,FW",Lens,Ligue 1,32,1990,28.9,95,75,83
900,2477,Riccardo Sottil,ITA,FW,Fiorentina,Serie A,24,1999,12.3,70,73,70
901,2479,Matìas Soulé,ARG,"FW,MF",Frosinone,Serie A,20,2003,34.7,100,94,100
902,2481,Issa Soumaré,SEN,"FW,MF",Le Havre,Ligue 1,22,2000,2.6,27,47,51
903,2501,Raheem Sterling,ENG,"FW,MF",Chelsea,Premier League,28,1994,22,90,77,98
904,2502,Trivante Stewart,JAM,"FW,MF",Salernitana,Serie A,23,2000,1.1,17,48,34
905,2506,Filip Stojilković,SUI,"FW,MF",Darmstadt 98,Bundesliga,23,2000,1.7,0,0,0
906,2509,Jørgen Strand Larsen,NOR,FW,Celta Vigo,La Liga,23,2000,31.8,80,23,76
907,2510,Gabriel Strefezza,BRA,FW,Lecce,Serie A,26,1997,12.4,67,65,34
908,2512,Cristhian Stuani,URU,FW,Girona,La Liga,36,1986,8.9,40,20,34
909,2515,Denis Suárez,ESP,"MF,FW",Villarreal,La Liga,29,1994,1.5,29,93,0
910,2517,Isaac Success,NGA,"FW,MF",Udinese,Serie A,27,1996,9.8,55,56,61
911,2520,Tomáš Suslov,SVK,"MF,FW",Hellas Verona,Serie A,21,2002,23.2,83,56,83
912,2521,Suso,ESP,"MF,FW",Sevilla,La Liga,29,1993,16.9,91,93,51
913,2524,Williot Swedberg,SWE,"FW,MF",Celta Vigo,La Liga,19,2004,4.9,35,34,61
914,2525,Karol Świderski,POL,"FW,MF",Hellas Verona,Serie A,26,1997,5.6,41,58,34
915,2528,Issiaga Sylla,GUI,"DF,FW",Montpellier,Ligue 1,29,1994,16.2,58,23,34
916,2529,Mamadou Sylla,SEN,"FW,MF",Alavés,La Liga,29,1994,0.2,0,0,0
917,2535,Alexander Sørloth,NOR,FW,Villarreal,La Liga,27,1995,27.7,83,40,83
918,2536,Musa Al-Taamari,JOR,FW,Montpellier,Ligue 1,26,1997,21.4,84,64,95
919,2540,Yassin Tallal,ESP,FW,Getafe,La Liga,18,2005,0,0,0,0
920,2548,Jimi Tauriainen,ENG,FW,Chelsea,Premier League,19,2004,0,0,0,0
921,2550,Marcus Tavernier,ENG,FW,Bournemouth,Premier League,24,1999,23.5,94,84,76
922,2551,Elayis Tavsan,NED,"MF,FW",Hellas Verona,Serie A,22,2001,0.6,9,21,0
923,2553,Marciano Tchami,GNB,"FW,MF",Almería,La Liga,19,2004,0.5,9,30,0
924,2554,Loum Tchaouna,FRA,"FW,MF",Salernitana,Serie A,19,2003,23.3,77,38,76
925,2558,Mathys Tel,FRA,"FW,MF",Bayern Munich,Bundesliga,18,2005,11.7,70,77,91
926,2564,Filippo Terracciano,ITA,"DF,FW",Milan,Serie A,20,2003,0.8,0,0,0
927,2567,Martin Terrier,FRA,"FW,MF",Rennes,Ligue 1,26,1997,17,74,58,34
928,2569,Benjamin Tetteh,GHA,"FW,MF",Metz,Ligue 1,26,1997,3.1,25,23,0
929,2571,Florian Thauvin,FRA,FW,Udinese,Serie A,30,1993,19,85,74,70
930,2575,Jan Thielmann,GER,"FW,DF",Köln,Bundesliga,21,2002,17.5,69,40,76
931,2576,Denis Thomalla,GER,"MF,FW",Heidenheim,Bundesliga,30,1992,5,32,21,0
932,2582,Marcus Thuram,FRA,FW,Inter,Serie A,25,1997,29.9,89,48,83
933,2583,Cheikh Tidiane Sabaly,SEN,"FW,MF",Metz,Ligue 1,24,1999,15.3,65,44,70
934,2584,Youri Tielemans,BEL,"MF,FW",Aston Villa,Premier League,26,1997,18,73,49,34
935,2586,Phillip Tietz,GER,FW,Augsburg,Bundesliga,26,1997,26.5,77,29,34
936,2587,Steffen Tigges,GER,FW,Köln,Bundesliga,25,1998,8.1,44,37,0
937,2596,Raúl de Tomás,ESP,FW,Rayo Vallecano,La Liga,28,1994,14.1,48,16,34
938,2597,Tiago Tomás,POR,"FW,MF",Wolfsburg,Bundesliga,21,2002,11.5,56,46,87
939,2602,Ivan Toney,ENG,FW,Brentford,Premier League,27,1996,16.1,65,39,70
940,2603,Pablo Torre,ESP,"MF,FW",Girona,La Liga,20,2003,7.8,50,59,0
941,2605,Ferrán Torres,ESP,FW,Barcelona,La Liga,23,2000,13.5,76,78,76
942,2609,Fabio Torsiello,ITA,"FW,DF",Darmstadt 98,Bundesliga,18,2005,1.7,14,12,34
943,2614,Andros Townsend,ENG,"MF,FW",Luton Town,Premier League,32,1991,13.4,63,47,61
944,2616,Adama Traoré,ESP,"FW,MF",Fulham,Premier League,27,1996,4.2,39,66,34
945,2617,Bertrand Traoré,BFA,"DF,FW",Aston Villa,Premier League,27,1995,0.1,0,0,0
946,2620,Chaka Traorè,CIV,FW,Milan,Serie A,18,2004,0.2,0,0,0
947,2627,Óscar Trejo,ARG,"FW,MF",Rayo Vallecano,La Liga,35,1988,15.3,85,89,76
948,2628,Mike Trésor,BEL,"FW,MF",Burnley,Premier League,24,1999,4.7,34,30,34
949,2632,Leandro Trossard,BEL,"FW,MF",Arsenal,Premier League,28,1994,18.3,82,70,87
950,2636,Viktor Tsyhankov,UKR,"MF,FW",Girona,La Liga,25,1997,22.8,85,62,61
951,2645,Lukas Ullrich,GER,"DF,FW",Gladbach,Bundesliga,19,2004,0.5,0,0,0
952,2648,Enes Ünal,TUR,"FW,MF",Bournemouth,Premier League,26,1997,3.6,36,64,34
953,2649,Enes Ünal,TUR,"FW,MF",Getafe,La Liga,26,1997,1.6,23,62,0
954,2650,Deniz Undav,GER,"FW,MF",Stuttgart,Bundesliga,27,1996,23.2,94,86,93
955,2652,Kacper Urbanski,POL,"MF,FW",Bologna,Serie A,18,2004,10.3,61,67,61
956,2653,Mark Uth,GER,"MF,FW",Köln,Bundesliga,31,1991,4.1,51,96,34
957,2654,Myrto Uzuni,ALB,FW,Granada,La Liga,28,1995,27.2,60,13,34
958,2662,Kévin Van Den Kerkhof,ALG,"FW,MF",Metz,Ligue 1,27,1996,21.3,64,20,34
959,2667,Ruben Vargas,SUI,"MF,FW",Augsburg,Bundesliga,24,1998,21.8,83,61,70
960,2670,Borja Vázquez,ESP,FW,Cádiz,La Liga,18,2005,0,9,100,0
961,2675,Gabriel Veiga,ESP,FW,Celta Vigo,La Liga,21,2002,0.2,0,0,0
962,2676,Alejo Véliz,ARG,FW,Tottenham,Premier League,19,2003,0.6,9,21,34
963,2677,Alejo Véliz,ARG,FW,Sevilla,La Liga,19,2003,0.4,9,44,0
964,2683,Simone Verdi,ITA,FW,Torino,Serie A,31,1992,0,9,100,0
965,2686,Yorbe Vertessen,BEL,"FW,MF",Union Berlin,Bundesliga,22,2001,6.6,44,53,61
966,2689,Carlos Vicente,ESP,FW,Alavés,La Liga,24,1999,12.4,72,77,70
967,2690,Nacho Vidal,ESP,"DF,FW",Osasuna,La Liga,28,1995,1.1,9,11,0
968,2692,Fabio Vieira,POR,"MF,FW",Arsenal,Premier League,23,2000,3.3,36,73,0
969,2694,Jonathan Viera,ESP,"MF,FW",Las Palmas,La Liga,33,1989,6.9,56,85,34
970,2696,Emanuel Vignato,ITA,"MF,FW",Salernitana,Serie A,22,2000,3.5,27,27,0
971,2697,Samuele Vignato,ITA,"MF,FW",Monza,Serie A,19,2004,3.8,35,54,34
972,2698,Oscar Vilhelmsson,SWE,"FW,MF",Darmstadt 98,Bundesliga,19,2003,15.3,56,25,34
973,2699,Toni Villa,ESP,FW,Girona,La Liga,28,1995,0.1,0,0,0
974,2700,Asier Villalibre,ESP,FW,Athletic Club,La Liga,25,1997,5.7,40,51,34
975,2704,Rúben Vinagre,POR,"DF,FW",Hellas Verona,Serie A,24,1999,3.1,32,53,34
976,2705,Carlos Vinícius,BRA,FW,Fulham,Premier League,28,1995,3.5,32,44,34
977,2706,Nicolas Viola,ITA,"MF,FW",Cagliari,Serie A,33,1989,13.4,81,89,51
978,2707,Alan Virginius,FRA,FW,Lille,Ligue 1,20,2003,0.8,14,43,34
979,2708,Alan Virginius,FRA,FW,Clermont Foot,Ligue 1,20,2003,10.4,47,26,34
980,2711,Vitinha,POR,"FW,MF",Genoa,Serie A,23,2000,3.2,29,43,34
981,2712,Vitinha,POR,FW,Marseille,Ligue 1,23,2000,10.3,63,72,76
982,2717,Dušan Vlahović,SRB,FW,Juventus,Serie A,23,2000,25.6,85,53,76
983,2718,Nikola Vlašić,CRO,"MF,FW",Torino,Serie A,25,1997,29,92,64,61
984,2723,Kevin Volland,GER,"FW,MF",Union Berlin,Bundesliga,31,1992,14.9,71,61,34
985,2724,Cristian Volpato,ITA,"MF,FW",Sassuolo,Serie A,19,2003,7.2,61,90,83
986,2727,Elye Wahi,FRA,FW,Montpellier,Ligue 1,20,2003,0.2,9,97,0
987,2728,Elye Wahi,FRA,FW,Lens,Ligue 1,20,2003,18.8,67,31,61
988,2730,Luca Waldschmidt,GER,"MF,FW",Köln,Bundesliga,27,1996,12.7,68,64,34
989,2736,Lewis Warrington,ENG,FW,Everton,Premier League,20,2002,0,0,0,0
990,2737,Deivid Washington,BRA,"DF,FW",Chelsea,Premier League,18,2005,0.1,0,0,0
991,2738,Kjell-Arik Wätjen,GER,"MF,FW",Dortmund,Bundesliga,17,2006,1.2,17,44,0
992,2739,Ollie Watkins,ENG,FW,Aston Villa,Premier League,27,1995,35.7,93,51,87
993,2740,Timothy Weah,USA,"DF,FW",Juventus,Serie A,23,2000,14,56,30,0
994,2742,Wout Weghorst,NED,FW,Hoffenheim,Bundesliga,30,1992,22,85,62,0
995,2744,Nelson Weiper,GER,"FW,MF",Mainz 05,Bundesliga,18,2005,1.4,17,31,34
996,2746,Noah Weißhaupt,GER,"DF,FW",Freiburg,Bundesliga,21,2001,8.4,58,76,0
997,2747,Shon Weissman,ISR,"FW,DF",Salernitana,Serie A,27,1996,5.5,17,9,0
998,2748,Shon Weissman,ISR,FW,Granada,La Liga,27,1996,0.9,14,31,0
999,2749,Danny Welbeck,ENG,"FW,MF",Brighton,Premier League,32,1990,18.8,85,75,61
1000,2750,Timo Werner,GER,FW,Tottenham,Premier League,27,1996,9,60,75,70
1001,2751,Timo Werner,GER,"FW,MF",RB Leipzig,Bundesliga,27,1996,2.3,29,68,34
1002,2753,Ethan Wheatley,ENG,FW,Manchester Utd,Premier League,17,2006,0.2,0,0,0
1003,2759,Iñaki Williams,GHA,FW,Athletic Club,La Liga,29,1994,31.6,94,64,95
1004,2761,Nico Williams,ESP,FW,Athletic Club,La Liga,21,2002,25.1,97,89,99
1005,2762,Willian,BRA,FW,Fulham,Premier League,34,1988,22.8,96,90,70
1006,2764,Callum Wilson,ENG,FW,Newcastle Utd,Premier League,31,1992,11,48,26,70
1007,2765,Harry Wilson,WAL,FW,Fulham,Premier League,26,1997,18,82,72,76
1008,2767,Patrick Wimmer,AUT,"FW,MF",Wolfsburg,Bundesliga,22,2001,6.5,40,39,51
1009,2768,Jonas Wind,DEN,FW,Wolfsburg,Bundesliga,24,1999,29.5,87,45,34
1010,2770,Yoane Wissa,COD,FW,Brentford,Premier League,26,1996,27.7,81,36,70
1011,2772,Maximilian Wittek,GER,"DF,FW",Bochum,Bundesliga,27,1995,11.9,72,80,61
1012,2775,Nick Woltemade,GER,"FW,MF",Werder Bremen,Bundesliga,21,2002,13.2,76,80,51
1013,2776,Jeong Woo-yeong,KOR,"MF,FW",Stuttgart,Bundesliga,23,1999,7,46,52,0
1014,2777,Chris Wood,NZL,FW,Nott'ham Forest,Premier League,31,1991,20.1,69,31,70
1015,2778,Cauley Woodrow,ENG,"FW,MF",Luton Town,Premier League,28,1994,4.7,41,70,34
1016,2781,Xeber,ESP,"FW,MF",Alavés,La Liga,26,1997,3.4,35,64,34
1017,2784,Lamine Yamal,ESP,FW,Barcelona,La Liga,16,2007,24.5,95,85,98
1018,2785,Roman Yaremchuk,UKR,FW,Valencia,La Liga,27,1995,10.3,35,11,34
1019,2788,Yusuf Yazıcı,TUR,"MF,FW",Lille,Ligue 1,26,1997,14.6,66,50,34
1020,2789,Kelvin Yeboah,ITA,FW,Montpellier,Ligue 1,23,2000,3.1,32,55,34
1021,2790,Bertuğ Yıldırım,TUR,FW,Rennes,Ligue 1,21,2002,5.2,39,47,51
1022,2791,Kenan Yıldız,TUR,"FW,MF",Juventus,Serie A,18,2005,10.6,65,73,76
1023,2797,Mattia Zaccagni,ITA,"FW,MF",Lazio,Serie A,28,1995,21.7,86,67,89
1024,2802,Arsen Zakharyan,RUS,"MF,FW",Real Sociedad,La Liga,20,2003,13.6,78,83,76
1025,2804,Nicola Zalewski,POL,"DF,FW",Roma,Serie A,21,2002,10.8,63,68,76
1026,2806,Nicolò Zaniolo,ITA,"FW,MF",Aston Villa,Premier League,24,1999,9.3,56,62,51
1027,2808,Alessandro Zanoli,ITA,"DF,FW",Napoli,Serie A,22,2000,0.6,0,0,0
1028,2809,Duván Zapata,COL,FW,Torino,Serie A,32,1991,32,86,37,89
1029,2810,Duván Zapata,COL,FW,Atalanta,Serie A,32,1991,1.2,20,62,34
1030,2813,Bryan Zaragoza,ESP,"MF,FW",Granada,La Liga,22,2001,18.2,83,76,98
1031,2814,Bryan Zaragoza,ESP,"FW,MF",Bayern Munich,Bundesliga,22,2001,2,27,68,51
1032,2815,Anass Zaroury,MAR,"FW,MF",Burnley,Premier League,22,2000,1.7,14,12,0
1033,2820,Alessio Zerbin,ITA,"DF,FW",Monza,Serie A,24,1999,7.6,55,76,51
1034,2821,Alessio Zerbin,ITA,"FW,DF",Napoli,Serie A,24,1999,1.7,23,57,0
1035,2826,Edon Zhegrova,KVX,FW,Lille,Ligue 1,24,1999,25.4,97,90,100
1036,2831,Joshua Zirkzee,NED,FW,Bologna,Serie A,22,2001,30.7,93,61,98
1037,2833,Simon Zoller,GER,"FW,MF",Bochum,Bundesliga,32,1991,0.5,0,0,0
1038,2840,Lovro Zvonarek,CRO,"FW,MF",Bayern Munich,Bundesliga,18,2005,1.8,17,18,0
1039,2842,Milan Đurić,BIH,FW,Hellas Verona,Serie A,33,1990,13.4,60,41,0
1040,2843,Milan Đurić,BIH,FW,Monza,Serie A,33,1990,14,38,11,0