Rank,Player_ID,Player,Nation,Pos,Squad,Comp,Age,Born,90s,TakeOns_Att,TakeOns_Succ,Carries_PrgC,Carries_into_finalthird,Carries_into_PA
1,2,Brenden Aaronson (Union Berlin),USA,"MF,FW",Union Berlin,Bundesliga,22,2000,14.1,88,88,73,76,62
2,4,Keyliane Abdallah (Marseille),FRA,FW,Marseille,Ligue 1,17,2006,0,0,0,0,0,0
3,9,Matthis Abline (Nantes),FRA,FW,Nantes,Ligue 1,20,2003,11.6,64,74,65,71,73
4,11,Zakaria Aboukhlal (Toulouse),MAR,"MF,FW",Toulouse,Ligue 1,23,2000,8.4,61,47,60,53,59
5,13,Tammy Abraham (Roma),ENG,FW,Roma,Serie A,25,1997,2.7,26,21,28,18,27
6,17,Bénie Adama Traore (Sheffield Utd),CIV,"FW,MF",Sheffield Utd,Premier League,20,2002,4.3,50,37,31,32,34
7,18,Bénie Adama Traore (Nantes),CIV,"FW,MF",Nantes,Ligue 1,20,2002,5.6,55,61,60,57,55
8,19,Akor Adams (Montpellier),NGA,FW,Montpellier,Ligue 1,23,2000,25,74,63,75,69,83
9,21,Junior Adamu (Freiburg),AUT,"FW,MF",Freiburg,Bundesliga,22,2001,1.2,18,0,10,12,0
10,22,Sargis Adamyan (Köln),ARM,"FW,MF",Köln,Bundesliga,30,1993,8.9,45,44,48,44,45
11,24,Elijah Adebayo (Luton Town),ENG,FW,Luton Town,Premier League,25,1998,15.8,85,72,50,57,71
12,25,Karim Adeyemi (Dortmund),GER,"FW,MF",Dortmund,Bundesliga,21,2002,10.1,82,72,81,68,88
13,26,Simon Adingra (Brighton),CIV,FW,Brighton,Premier League,21,2002,24.7,97,95,96,88,98
14,28,Amine Adli (Leverkusen),MAR,"MF,FW",Leverkusen,Bundesliga,23,2000,10,57,61,69,73,77
15,30,Adryelson (Lyon),BRA,"DF,FW",Lyon,Ligue 1,25,1998,0.1,0,0,0,0,0
16,31,Adson (Nantes),BRA,"MF,FW",Nantes,Ligue 1,22,2000,2.6,30,37,54,44,39
17,40,Brandon Aguilera (Nott'ham Forest),CRC,FW,Nott'ham Forest,Premier League,20,2003,0.1,0,0,0,12,0
18,41,Naouirou Ahamada (Crystal Palace),FRA,"MF,FW",Crystal Palace,Premier League,21,2002,3.9,38,44,56,41,39
19,46,Tosin Aiyegun (Lorient),BEN,"MF,FW",Lorient,Ligue 1,25,1998,10,56,58,52,47,50
20,48,Ludovic Ajorque (Mainz 05),FRA,FW,Mainz 05,Bundesliga,29,1994,15.1,35,21,26,35,18
21,50,Marley Aké (Udinese),FRA,FW,Udinese,Serie A,22,2001,0.1,0,0,0,0,0
22,52,Ilias Akhomach (Villarreal),MAR,"MF,FW",Villarreal,La Liga,19,2004,16.8,97,97,88,88,88
23,56,Maghnes Akliouche (Monaco),FRA,"MF,FW",Monaco,Ligue 1,21,2002,17.9,78,83,78,87,73
24,60,David Akpan Ankeye (Genoa),NGA,FW,Genoa,Serie A,21,2002,0.6,23,21,20,12,18
25,72,Aboubacar Ali (Strasbourg),FRA,"MF,FW",Strasbourg,Ligue 1,17,2006,1.4,18,14,20,12,18
26,73,Mohamed Ali Cho (Real Sociedad),FRA,"FW,MF",Real Sociedad,La Liga,19,2004,2.8,48,44,50,49,39
27,74,Mohamed Ali Cho (Nice),FRA,FW,Nice,Ligue 1,19,2004,9.6,68,68,79,76,75
28,75,Faride Alidou (Köln),GER,"FW,MF",Köln,Bundesliga,22,2001,14.2,86,80,81,69,79
29,76,Nabil Alioui (Le Havre),FRA,"MF,FW",Le Havre,Ligue 1,24,1999,11.2,68,65,59,65,55
30,78,Tadeo Allende (Celta Vigo),ARG,"MF,FW",Celta Vigo,La Liga,24,1999,3.7,30,28,36,28,18
31,80,Domingos André Ribeiro Almeida (Valencia),POR,"FW,MF",Valencia,La Liga,23,2000,10.7,59,61,62,74,50
32,81,Miguel Almirón (Newcastle Utd),PAR,FW,Newcastle Utd,Premier League,29,1994,21.5,78,79,91,86,83
33,82,Pontus Almqvist (Lecce),SWE,"FW,MF",Lecce,Serie A,24,1999,23.4,92,90,89,88,92
34,89,Julián Álvarez (Manchester City),ARG,"MF,FW",Manchester City,Premier League,23,2000,29.4,72,75,86,93,89
35,93,Papa Amadou Diallo (Metz),SEN,FW,Metz,Ligue 1,19,2004,9.9,73,68,62,62,45
36,94,Selim Amallah (Valencia),MAR,"FW,MF",Valencia,La Liga,26,1996,6.7,72,72,31,53,27
37,95,Amath (Mallorca),SEN,"FW,MF",Mallorca,La Liga,27,1996,4.4,55,47,56,41,62
38,98,Zeki Amdouni (Burnley),SUI,FW,Burnley,Premier League,22,2000,21.7,91,84,86,77,81
39,107,Elliot Anderson (Newcastle Utd),SCO,"MF,FW",Newcastle Utd,Premier League,20,2002,11.4,73,76,73,69,39
40,108,Felipe Anderson (Lazio),BRA,"FW,MF",Lazio,Serie A,30,1993,30.8,94,93,96,95,87
41,110,Komnen Andrić (Clermont Foot),SRB,FW,Clermont Foot,Ligue 1,28,1995,1.9,23,21,0,28,18
42,115,Jaidon Anthony (Bournemouth),ENG,FW,Bournemouth,Premier League,23,1999,1.7,26,21,16,18,0
43,117,Michail Antonio (West Ham),JAM,FW,West Ham,Premier League,33,1990,18.8,83,84,79,61,80
44,118,Antony (Manchester Utd),BRA,FW,Manchester Utd,Premier League,23,2000,14.7,86,82,82,83,84
45,119,Christopher Antwi-Adjei (Bochum),GHA,"FW,MF",Bochum,Bundesliga,29,1994,13.5,66,44,80,68,78
46,120,Houssem Aouar (Roma),ALG,"MF,FW",Roma,Serie A,25,1998,8.4,49,56,52,57,55
47,121,Stredair Appuah (Nantes),FRA,"FW,MF",Nantes,Ligue 1,19,2004,0.9,26,33,20,12,18
48,128,Cameron Archer (Sheffield Utd),ENG,"FW,MF",Sheffield Utd,Premier League,22,2001,20.4,82,86,70,76,83
49,131,Adu Ares (Athletic Club),ESP,FW,Athletic Club,La Liga,21,2001,2.9,53,65,45,24,45
50,134,Matias Arezo (Granada),URU,FW,Granada,La Liga,20,2002,4.1,9,14,28,24,39
51,137,José Arnaiz (Osasuna),ESP,"FW,MF",Osasuna,La Liga,28,1995,10.3,59,56,60,65,55
52,138,Hákon Arnar Haraldsson (Lille),ISL,"FW,MF",Lille,Ligue 1,20,2003,14.3,67,65,62,74,62
53,139,Marko Arnautović (Inter),AUT,FW,Inter,Serie A,34,1989,8.9,26,14,43,41,39
54,141,Mohamed El Arouch (Lyon),FRA,FW,Lyon,Ligue 1,19,2004,0,9,14,0,0,0
55,142,Sergio Arribas (Almería),ESP,"MF,FW",Almería,La Liga,21,2001,22.7,77,68,84,84,69
56,145,Takuma Asano (Bochum),JPN,"FW,MF",Bochum,Bundesliga,28,1994,22.1,67,68,84,74,89
57,146,Marco Asensio (Paris S-G),ESP,"MF,FW",Paris S-G,Ligue 1,27,1996,12.4,50,53,72,82,50
58,148,Joel Asoro (Metz),SWE,"FW,MF",Metz,Ligue 1,24,1999,9.4,66,58,46,53,0
59,149,Jonathan Asp Jensen (Bayern Munich),DEN,FW,Bayern Munich,Bundesliga,17,2006,0,0,0,0,0,0
60,150,Iago Aspas (Celta Vigo),ESP,FW,Celta Vigo,La Liga,35,1987,30.1,75,84,92,94,87
61,155,Arthur Atta (Metz),FRA,"MF,FW",Metz,Ligue 1,20,2003,10.3,59,58,50,57,27
62,157,Pierre-Emerick Aubameyang (Marseille),GAB,FW,Marseille,Ligue 1,34,1989,29.1,65,72,88,81,93
63,163,Ezequiel Ávila (Osasuna),ARG,"FW,MF",Osasuna,La Liga,29,1994,9.6,45,37,46,59,45
64,164,Ezequiel Ávila (Betis),ARG,FW,Betis,La Liga,29,1994,3.3,21,21,31,28,18
65,165,Taiwo Awoniyi (Nott'ham Forest),NGA,FW,Nott'ham Forest,Premier League,25,1997,11.6,43,47,34,35,50
66,166,André Ayew (Le Havre),GHA,FW,Le Havre,Ligue 1,33,1989,12.3,58,68,46,47,45
67,167,Jordan Ayew (Crystal Palace),GHA,"FW,MF",Crystal Palace,Premier League,31,1991,28.3,97,96,90,92,81
68,169,Sardar Azmoun (Roma),IRN,"FW,MF",Roma,Serie A,28,1995,6.5,38,33,26,44,18
69,176,Shavy Babicka (Toulouse),GAB,"FW,MF",Toulouse,Ligue 1,23,2000,4.1,42,41,52,28,50
70,177,Aliou Badara Baldé (Nice),GUI,"FW,DF",Nice,Ligue 1,20,2002,0.8,33,28,26,32,18
71,182,Alex Baena (Villarreal),ESP,"MF,FW",Villarreal,La Liga,22,2001,28.7,79,82,92,93,84
72,183,Jaime Báez (Frosinone),URU,"FW,MF",Frosinone,Serie A,28,1995,5.6,33,37,43,35,27
73,185,Leon Bailey (Aston Villa),JAM,"MF,FW",Aston Villa,Premier League,25,1997,23,96,97,95,88,95
74,188,Nedim Bajrami (Sassuolo),ALB,"MF,FW",Sassuolo,Serie A,24,1999,14.6,61,70,81,73,67
75,189,Cédric Bakambu (Betis),COD,FW,Betis,La Liga,32,1991,2.2,18,14,26,18,34
76,193,Dilane Bakwa (Strasbourg),FRA,"FW,MF",Strasbourg,Ligue 1,20,2002,24.2,96,96,94,97,85
77,194,Tommaso Baldanzi (Empoli),ITA,"MF,FW",Empoli,Serie A,20,2003,8.3,56,44,57,59,50
78,195,Tommaso Baldanzi (Roma),ITA,"FW,MF",Roma,Serie A,20,2003,5.8,50,47,54,59,45
79,203,Folarin Balogun (Monaco),USA,FW,Monaco,Ligue 1,22,2001,18.8,71,56,71,62,90
80,204,Jonathan Bamba (Celta Vigo),CIV,"MF,FW",Celta Vigo,La Liga,27,1996,22,94,92,95,88,90
81,205,Mohamed Bamba (Lorient),CIV,FW,Lorient,Ligue 1,21,2001,12.6,59,56,62,68,71
82,206,Samuel Bamba (Dortmund),GER,FW,Dortmund,Bundesliga,19,2004,0.5,9,14,26,24,18
83,207,Lameck Banda (Lecce),ZAM,FW,Lecce,Serie A,22,2001,15,93,92,89,81,92
84,209,Mamady Bangré (Toulouse),BFA,"FW,MF",Toulouse,Ligue 1,22,2001,1.1,23,14,38,32,27
85,211,Léo Baptistão (Almería),BRA,FW,Almería,La Liga,30,1992,20.4,58,58,63,66,59
86,213,Antonín Barák (Fiorentina),CZE,"MF,FW",Fiorentina,Serie A,28,1994,9,38,33,52,69,18
87,214,Valentín Barco (Brighton),ARG,"DF,FW",Brighton,Premier League,19,2004,3.4,35,37,34,28,0
88,215,Bradley Barcola (Lyon),FRA,FW,Lyon,Ligue 1,20,2002,3,45,47,40,35,59
89,216,Bradley Barcola (Paris S-G),FRA,"FW,MF",Paris S-G,Ligue 1,20,2002,15.2,92,94,94,89,97
90,219,Kike Barja (Osasuna),ESP,"FW,MF",Osasuna,La Liga,26,1997,3.4,50,56,52,41,45
91,221,Aymen Barkok (Mainz 05),MAR,"MF,FW",Mainz 05,Bundesliga,25,1998,3.6,30,21,46,28,45
92,222,Harvey Barnes (Newcastle Utd),ENG,"FW,MF",Newcastle Utd,Premier League,25,1997,8.9,55,44,77,66,84
93,225,Ander Barrenetxea (Real Sociedad),ESP,"FW,MF",Real Sociedad,La Liga,21,2001,15.9,89,90,84,81,83
94,241,Christoph Baumgartner (RB Leipzig),AUT,"MF,FW",RB Leipzig,Bundesliga,23,1999,12.9,67,72,72,78,71
95,242,Bebé (Rayo Vallecano),CPV,"MF,FW",Rayo Vallecano,La Liga,33,1990,2.4,50,58,52,47,45
96,243,Ihlas Bebou (Hoffenheim),TOG,"FW,DF",Hoffenheim,Bundesliga,29,1994,18.2,83,82,76,82,83
97,244,Mohamed Bechikh (Strasbourg),FRA,"FW,MF",Strasbourg,Ligue 1,18,2005,0.2,14,0,0,0,0
98,245,Adrian Beck (Heidenheim),GER,"MF,FW",Heidenheim,Bundesliga,26,1997,10.8,65,76,52,52,0
99,247,Sheraldo Becker (Real Sociedad),SUR,"FW,MF",Real Sociedad,La Liga,28,1995,8.6,30,33,65,44,59
100,248,Sheraldo Becker (Union Berlin),SUR,"FW,MF",Union Berlin,Bundesliga,28,1995,7.2,40,41,69,61,55
101,249,Chris Bedia (Union Berlin),CIV,"FW,MF",Union Berlin,Bundesliga,27,1996,1.6,14,21,10,12,18
102,251,Donny van de Beek (Eint Frankfurt),NED,"MF,FW",Eint Frankfurt,Bundesliga,26,1997,4,26,28,16,18,0
103,252,Yanis Begraoui (Toulouse),MAR,"FW,MF",Toulouse,Ligue 1,22,2001,3.3,32,44,36,35,27
104,253,Kevin Behrens (Wolfsburg),GER,FW,Wolfsburg,Bundesliga,32,1991,6.8,30,28,31,24,34
105,254,Kevin Behrens (Union Berlin),GER,FW,Union Berlin,Bundesliga,32,1991,14,28,33,40,53,39
106,255,Maximilian Beier (Hoffenheim),GER,"FW,MF",Hoffenheim,Bundesliga,20,2002,26.9,90,88,85,79,93
107,256,Jérémie Bela (Clermont Foot),ANG,"MF,FW",Clermont Foot,Ligue 1,30,1993,2.3,28,33,46,44,0
108,263,Jean-Ricner Bellegarde (Wolves),FRA,"MF,FW",Wolves,Premier League,25,1998,10.6,70,70,67,75,45
109,264,Jean-Ricner Bellegarde (Strasbourg),FRA,"MF,FW",Strasbourg,Ligue 1,25,1998,3,42,47,36,38,18
110,268,Andrea Belotti (Fiorentina),ITA,FW,Fiorentina,Serie A,29,1993,10.5,26,14,38,28,39
111,269,Andrea Belotti (Roma),ITA,FW,Roma,Serie A,29,1993,7.5,42,44,48,44,50
112,271,Lucas Beltrán (Fiorentina),ARG,"FW,MF",Fiorentina,Serie A,22,2001,18.8,61,58,43,47,50
113,272,Eliesse Ben Seghir (Monaco),MAR,"MF,FW",Monaco,Ligue 1,18,2005,4.8,56,41,63,64,50
114,274,Wissam Ben Yedder (Monaco),FRA,FW,Monaco,Ligue 1,32,1990,25.7,75,70,81,78,84
115,277,Saïd Benrahma (West Ham),ALG,"FW,MF",West Ham,Premier League,27,1995,6.9,68,63,65,61,75
116,278,Saïd Benrahma (Lyon),ALG,"FW,MF",Lyon,Ligue 1,27,1995,8.6,66,72,78,57,75
117,284,Domenico Berardi (Sassuolo),ITA,FW,Sassuolo,Serie A,28,1994,15.9,58,56,74,74,73
118,286,Álex Berenguer (Athletic Club),ESP,FW,Athletic Club,La Liga,28,1995,17.7,82,76,85,81,84
119,288,Jóhann Berg Guðmundsson (Burnley),ISL,"MF,FW",Burnley,Premier League,32,1990,13.2,43,37,45,53,27
120,291,Medon Berisha (Lecce),ALB,"FW,MF",Lecce,Serie A,19,2003,2.3,23,14,20,18,0
121,292,Mergim Berisha (Hoffenheim),GER,FW,Hoffenheim,Bundesliga,25,1998,1.6,14,21,16,12,18
122,293,Mergim Berisha (Augsburg),GER,FW,Augsburg,Bundesliga,25,1998,1.4,14,0,20,12,18
123,294,Isaac Bernal (Sevilla),ESP,FW,Sevilla,La Liga,23,2000,11.5,61,61,68,52,73
124,297,Matúš Bero (Bochum),SVK,"MF,FW",Bochum,Bundesliga,27,1995,18.5,47,33,43,57,27
125,300,Jan-Niklas Beste (Heidenheim),GER,"FW,MF",Heidenheim,Bundesliga,24,1999,28.9,89,86,91,93,69
126,301,Beto (Everton),GNB,FW,Everton,Premier League,25,1998,10.6,66,65,46,44,71
127,302,Beto (Udinese),GNB,FW,Udinese,Serie A,25,1998,0.8,18,21,0,0,0
128,306,Pep Biel (Augsburg),ESP,"MF,FW",Augsburg,Bundesliga,26,1996,3.2,28,41,16,18,18
129,308,El Bilal Touré (Atalanta),MLI,FW,Atalanta,Serie A,21,2001,4.4,40,28,50,57,27
130,313,Tom Bischof (Hoffenheim),GER,"MF,FW",Hoffenheim,Bundesliga,18,2005,2,18,21,16,38,0
131,320,Ludovic Blas (Rennes),FRA,"FW,MF",Rennes,Ligue 1,25,1997,17.4,85,81,78,83,59
132,324,Myron Boadu (Monaco),NED,FW,Monaco,Ligue 1,22,2001,0.9,14,0,20,12,27
133,325,Benicio Boaitey (Brighton),ENG,"FW,DF",Brighton,Premier League,19,2004,0.4,9,14,10,18,18
134,327,Oscar Bobb (Manchester City),NOR,"FW,MF",Manchester City,Premier League,20,2003,3.4,45,56,45,32,45
135,329,Jeremie Boga (Nice),CIV,FW,Nice,Ligue 1,26,1997,22.2,95,98,95,99,94
136,333,Adama Bojang (Reims),GAM,FW,Reims,Ligue 1,19,2004,0.9,9,14,16,12,18
137,337,Federico Bonazzoli (Hellas Verona),ITA,"FW,MF",Hellas Verona,Serie A,26,1997,11.3,37,41,45,47,34
138,340,Victor Boniface (Leverkusen),NGA,FW,Leverkusen,Bundesliga,22,2000,17.2,92,94,80,78,89
139,344,Ângelo Borges (Strasbourg),BRA,"FW,MF",Strasbourg,Ligue 1,18,2004,12.2,80,86,80,88,50
140,346,Yvandro Borges Sanches (Gladbach),LUX,"MF,FW",Gladbach,Bundesliga,19,2004,0.2,0,0,10,0,18
141,348,Rafael Borré (Werder Bremen),COL,FW,Werder Bremen,Bundesliga,27,1995,11,50,44,50,56,45
142,349,Gennaro Borrelli (Frosinone),ITA,FW,Frosinone,Serie A,23,2000,0.3,9,0,10,0,0
143,351,Erik Botheim (Salernitana),NOR,"FW,MF",Salernitana,Serie A,23,2000,3.5,21,14,20,12,27
144,355,Badredine Bouanani (Nice),ALG,FW,Nice,Ligue 1,18,2004,1.8,35,33,38,47,18
145,357,Mohamed Bouchenna (Clermont Foot),FRA,"MF,FW",Clermont Foot,Ligue 1,17,2006,0.3,23,21,0,12,18
146,361,Benjamin Bourigeaud (Rennes),FRA,"MF,FW",Rennes,Ligue 1,29,1994,26.9,53,53,64,84,39
147,362,Bilal Boutobba (Clermont Foot),FRA,"FW,MF",Clermont Foot,Ligue 1,24,1998,10.3,75,68,74,76,67
148,363,Hugo Boutsingkham (Nantes),FRA,"MF,FW",Nantes,Ligue 1,20,2003,0.1,9,0,0,0,0
149,365,Jarrod Bowen (West Ham),ENG,FW,West Ham,Premier League,26,1996,33.5,93,88,93,85,97
150,366,Lucas Boyé (Granada),ARG,FW,Granada,La Liga,27,1996,28.2,97,96,72,86,77
151,369,Bilal Brahimi (Nice),ALG,FW,Nice,Ligue 1,23,2000,0.1,9,0,10,0,18
152,370,Bilal Brahimi (Brest),ALG,"FW,MF",Brest,Ligue 1,23,2000,2.5,43,51,48,47,45
153,372,Julian Brandt (Dortmund),GER,"MF,FW",Dortmund,Bundesliga,27,1996,24.7,85,83,90,93,78
154,380,Josip Brekalo (Fiorentina),CRO,FW,Fiorentina,Serie A,25,1998,7.2,45,47,46,49,55
155,382,Brenner (Udinese),BRA,"MF,FW",Udinese,Serie A,23,2000,2.1,26,21,28,28,18
156,383,Ben Brereton (Sheffield Utd),CHI,"FW,MF",Sheffield Utd,Premier League,24,1999,12.3,58,53,60,57,80
157,384,Ben Brereton (Villarreal),CHI,"FW,MF",Villarreal,La Liga,24,1999,3,33,21,28,52,34
158,386,Maximilian Breunig (Freiburg),GER,FW,Freiburg,Bundesliga,22,2000,0.1,0,0,0,0,0
159,387,Rhian Brewster (Sheffield Utd),ENG,"FW,MF",Sheffield Utd,Premier League,23,2000,3.8,23,0,10,28,34
160,388,Bennit Bröger (Wolfsburg),GER,FW,Wolfsburg,Bundesliga,17,2006,0.1,14,0,0,0,0
161,389,Armando Broja (Chelsea),ALB,FW,Chelsea,Premier League,21,2001,5,61,61,40,28,59
162,390,Armando Broja (Fulham),ALB,FW,Fulham,Premier League,21,2001,1,26,21,16,18,0
163,393,David Brooks (Bournemouth),WAL,"FW,MF",Bournemouth,Premier League,26,1997,3.1,33,33,34,44,18
164,395,Moritz Broschinski (Bochum),GER,FW,Bochum,Bundesliga,22,2000,13.9,61,56,54,47,62
165,396,Jacob Brown (Luton Town),SCO,"MF,FW",Luton Town,Premier League,25,1998,11.3,55,41,62,56,62
166,399,Jacob Bruun Larsen (Burnley),DEN,"MF,FW",Burnley,Premier League,24,1998,13.9,80,75,85,65,91
167,401,Ante Budimir (Osasuna),CRO,FW,Osasuna,La Liga,32,1991,27.1,61,53,58,52,78
168,404,Marius Bülter (Hoffenheim),GER,"DF,FW",Hoffenheim,Bundesliga,30,1993,15,76,72,73,78,71
169,405,Facundo Buonanotte (Brighton),ARG,"FW,MF",Brighton,Premier League,18,2004,15.2,78,72,60,73,59
170,407,Jonathan Burkardt (Mainz 05),GER,"FW,MF",Mainz 05,Bundesliga,23,2000,17.1,80,79,72,73,64
171,408,Oliver Burke (Werder Bremen),SCO,FW,Werder Bremen,Bundesliga,26,1997,0.4,9,14,16,12,0
172,411,Rareș-Cătălin Burnete (Lecce),ROU,FW,Lecce,Serie A,19,2004,0.1,0,0,0,0,0
173,412,Mason Burstow (Chelsea),ENG,FW,Chelsea,Premier League,19,2003,0.1,0,0,0,0,0
174,414,Maxime Busi (Reims),BEL,"FW,DF",Reims,Ligue 1,23,1999,1.8,21,28,20,18,34
175,418,Jamie Bynoe-Gittens (Dortmund),ENG,"FW,MF",Dortmund,Bundesliga,18,2004,11.8,93,93,86,89,94
176,419,Rémy Cabella (Lille),FRA,"FW,MF",Lille,Ligue 1,33,1990,16.4,76,76,89,91,83
177,420,Jovane Cabral (Salernitana),CPV,"MF,FW",Salernitana,Serie A,25,1998,7.5,67,76,59,47,55
178,432,José Callejón (Granada),ESP,"MF,FW",Granada,La Liga,36,1987,8.9,32,28,38,47,18
179,433,Dominic Calvert-Lewin (Everton),ENG,FW,Everton,Premier League,26,1997,24.1,73,63,72,66,83
180,437,Francesco Camarda (Milan),ITA,FW,Milan,Serie A,15,2008,0.2,9,0,0,0,0
181,439,Nicolò Cambiaghi (Empoli),ITA,"FW,MF",Empoli,Serie A,22,2000,28.4,90,84,98,90,96
182,440,Andrea Cambiaso (Juventus),ITA,"DF,FW",Juventus,Serie A,23,2000,26.4,82,82,93,91,84
183,441,Axel Camblan (Brest),FRA,FW,Brest,Ligue 1,19,2003,1,30,28,26,28,0
184,442,Sergio Camello (Rayo Vallecano),ESP,FW,Rayo Vallecano,La Liga,22,2001,18.5,77,68,59,65,64
185,445,Matteo Cancellieri (Empoli),ITA,"FW,MF",Empoli,Serie A,21,2002,19.9,93,90,79,82,89
186,448,Antonio Candreva (Salernitana),ITA,"MF,FW",Salernitana,Serie A,36,1987,30.6,71,65,88,88,79
187,449,Thomas Cannon (Everton),IRL,FW,Everton,Premier League,20,2002,0,0,0,0,0,0
188,450,Sergi Canós (Valencia),ESP,"MF,FW",Valencia,La Liga,26,1997,13.7,68,72,69,53,67
189,451,Luigi Canotto (Frosinone),ITA,FW,Frosinone,Serie A,29,1994,0.2,9,14,0,0,0
190,454,Gianluca Caprari (Monza),ITA,"MF,FW",Monza,Serie A,30,1993,3.2,30,28,40,44,45
191,456,Francesco Caputo (Empoli),ITA,FW,Empoli,Serie A,35,1987,14.1,33,37,31,35,39
192,459,Valentin Carboni (Monza),ARG,"MF,FW",Monza,Serie A,18,2005,13,77,80,81,80,79
193,463,Marc Cardona (Las Palmas),ESP,FW,Las Palmas,La Liga,28,1995,8,65,63,38,28,39
194,471,Álvaro Carreras (Granada),ESP,"MF,FW",Granada,La Liga,20,2003,5.3,40,44,45,56,18
195,472,Rasmus Carstensen (Köln),DEN,"DF,FW",Köln,Bundesliga,22,2000,18.4,60,61,69,74,34
196,477,Cesare Casadei (Chelsea),ITA,"FW,MF",Chelsea,Premier League,20,2003,0.9,14,21,10,0,0
197,483,Josué Casimir (Le Havre),FRA,"FW,DF",Le Havre,Ligue 1,21,2001,22.4,84,79,85,81,83
198,484,Giuseppe Caso (Frosinone),ITA,"FW,MF",Frosinone,Serie A,24,1998,4.6,67,65,48,56,50
199,488,Valentín Castellanos (Lazio),ARG,FW,Lazio,Serie A,24,1998,18.7,68,56,48,53,55
200,490,Samu Castillejo (Sassuolo),ESP,"FW,MF",Sassuolo,Serie A,28,1995,6,47,51,64,71,55
201,492,Santiago Castro (Bologna),ARG,FW,Bologna,Serie A,18,2004,2.7,18,21,10,18,0
202,493,Gaetano Castrovilli (Fiorentina),ITA,"FW,MF",Fiorentina,Serie A,26,1997,4.1,40,28,46,41,27
203,497,Ivan Cavaleiro (Lille),POR,FW,Lille,Ligue 1,29,1993,8.6,45,53,54,56,45
204,498,Dani Ceballos (Real Madrid),ESP,"MF,FW",Real Madrid,La Liga,26,1996,6.6,42,37,50,61,18
205,499,Emil Ceide (Sassuolo),NOR,"FW,MF",Sassuolo,Serie A,21,2001,2,49,61,43,35,45
206,504,Václav Černý (Wolfsburg),CZE,"FW,MF",Wolfsburg,Bundesliga,25,1997,10.2,64,63,63,64,64
207,506,Alberto Cerri (Empoli),ITA,FW,Empoli,Serie A,27,1996,6.1,26,14,20,38,18
208,511,Fares Chaïbi (Toulouse),ALG,"FW,MF",Toulouse,Ligue 1,20,2002,0.6,14,0,16,12,0
209,512,Fares Chaïbi (Eint Frankfurt),ALG,"MF,FW",Eint Frankfurt,Bundesliga,20,2002,21.2,48,44,82,84,69
210,514,Muhammed Cham (Clermont Foot),AUT,"MF,FW",Clermont Foot,Ligue 1,22,2000,28.4,84,88,89,98,71
211,521,Walid Cheddira (Frosinone),MAR,FW,Frosinone,Serie A,25,1998,23.6,67,58,68,56,83
212,522,Rayan Cherki (Lyon),FRA,"MF,FW",Lyon,Ligue 1,19,2003,19.1,98,99,94,97,91
213,523,Youssef Chermiti (Everton),POR,FW,Everton,Premier League,19,2004,2.3,35,28,26,12,34
214,526,Federico Chiesa (Juventus),ITA,FW,Juventus,Serie A,25,1997,24.4,92,89,96,92,98
215,528,Tawanda Chirewa (Wolves),ZIM,"MF,FW",Wolves,Premier League,19,2003,1.6,18,14,10,18,18
216,530,Leon Chiwome (Wolves),ENG,FW,Wolves,Premier League,17,2006,1.9,0,0,10,0,18
217,531,Tahith Chong (Luton Town),NED,"MF,FW",Luton Town,Premier League,23,1999,22,86,81,84,88,62
218,537,Carney Chukwuemeka (Chelsea),ENG,"MF,FW",Chelsea,Premier League,19,2003,2.5,37,21,24,32,27
219,538,Samuel Chukwueze (Milan),NGA,FW,Milan,Serie A,24,1999,11.3,83,76,81,74,85
220,541,Alphadjo Cissè (Hellas Verona),ITA,FW,Hellas Verona,Serie A,16,2006,0.1,0,0,0,0,0
221,543,Ibrahim Cissoko (Toulouse),NED,"FW,MF",Toulouse,Ligue 1,20,2003,2.7,60,70,58,44,71
222,553,Marcus Coco (Nantes),FRA,"DF,FW",Nantes,Ligue 1,27,1996,16.5,61,58,65,78,18
223,559,Lorenzo Colombo (Monza),ITA,FW,Monza,Serie A,21,2002,15.1,52,58,50,44,71
224,560,Andrea Colpani (Monza),ITA,"MF,FW",Monza,Serie A,24,1999,29.5,89,83,93,96,88
225,562,Kingsley Coman (Bayern Munich),FRA,FW,Bayern Munich,Bundesliga,27,1996,12.4,85,84,90,81,92
226,565,Pietro Comuzzo (Fiorentina),ITA,"DF,FW",Fiorentina,Serie A,18,2005,0.5,0,0,0,0,0
227,566,Alois Confais (Le Havre),FRA,"MF,FW",Le Havre,Ligue 1,26,1996,0.1,0,0,0,0,0
228,568,Bambasé Conté (Hoffenheim),GER,"MF,FW",Hoffenheim,Bundesliga,20,2003,0.5,26,21,20,18,27
229,575,Theo Corbeanu (Granada),CAN,"MF,FW",Granada,La Liga,21,2002,2,30,21,26,28,0
230,576,Jeppe Corfitzen (Lecce),DEN,FW,Lecce,Serie A,18,2004,0.1,0,0,10,12,0
231,578,Maxwel Cornet (West Ham),CIV,"MF,FW",West Ham,Premier League,26,1996,1.2,14,0,20,18,27
232,579,Giacomo Corona (Empoli),ITA,FW,Empoli,Serie A,19,2004,0.1,0,0,0,0,0
233,581,Ángel Correa (Atlético Madrid),ARG,"FW,MF",Atlético Madrid,La Liga,28,1995,17,80,83,75,59,87
234,582,Joaquín Correa (Marseille),ARG,"FW,MF",Marseille,Ligue 1,28,1994,4.8,42,37,36,47,27
235,584,Oscar Cortés (Lens),COL,"FW,MF",Lens,Ligue 1,19,2003,0.5,0,0,10,0,0
236,588,João Costa (Roma),BRA,"MF,FW",Roma,Serie A,18,2005,0.2,0,0,0,0,0
237,597,Tanguy Coulibaly (Montpellier),FRA,"FW,MF",Montpellier,Ligue 1,22,2001,6.9,56,70,64,71,73
238,599,Philippe Coutinho (Aston Villa),BRA,"MF,FW",Aston Villa,Premier League,31,1992,0.3,23,33,26,28,0
239,600,Yan Couto (Girona),BRA,"DF,FW",Girona,La Liga,21,2002,24.9,96,95,99,99,95
240,605,Aaron Cresswell (West Ham),ENG,"DF,FW",West Ham,Premier League,33,1989,4.8,9,0,24,32,0
241,609,Juan Cruz (Hellas Verona),ARG,"FW,MF",Hellas Verona,Serie A,24,1999,1.2,14,14,20,18,0
242,610,Juan Cruz (Betis),ESP,FW,Betis,La Liga,23,2000,0.8,28,33,16,24,0
243,617,Matheus Cunha (Wolves),BRA,"FW,MF",Wolves,Premier League,24,1999,27.1,98,98,95,98,93
244,618,Marvin Cuni (Frosinone),ALB,FW,Frosinone,Serie A,22,2001,5.9,40,28,28,32,27
245,621,Tomáš Čvančara (Gladbach),CZE,FW,Gladbach,Bundesliga,22,2000,10,43,37,43,38,55
246,624,Trévis Dago (Lille),CIV,"FW,MF",Lille,Ligue 1,18,2005,0.3,9,14,10,12,0
247,629,Thijs Dallinga (Toulouse),NED,FW,Toulouse,Ligue 1,22,2000,27.9,68,75,69,71,62
248,635,Arnaut Danjuma (Everton),NED,"MF,FW",Everton,Premier League,26,1997,6.6,49,47,62,57,67
249,636,Jayden Danns (Liverpool),ENG,FW,Liverpool,Premier League,17,2006,0.1,0,0,0,12,0
250,640,Mohammed Daramy (Reims),DEN,"FW,MF",Reims,Ligue 1,21,2002,18.3,92,96,89,87,91
251,642,Achraf Dari (Brest),MAR,"DF,FW",Brest,Ligue 1,24,1999,1.3,0,0,0,0,0
252,644,Lukas Daschner (Bochum),GER,"MF,FW",Bochum,Bundesliga,24,1998,6,50,58,40,49,34
253,645,Josh Dasilva (Brentford),ENG,"DF,FW",Brentford,Premier League,24,1998,0.3,21,21,16,0,27
254,646,David Datro Fofana (Burnley),CIV,FW,Burnley,Premier League,20,2002,9.8,71,65,58,44,67
255,647,David Datro Fofana (Union Berlin),CIV,"FW,MF",Union Berlin,Bundesliga,20,2002,7.6,77,74,57,59,71
256,649,Jonathan David (Lille),CAN,FW,Lille,Ligue 1,23,2000,29.2,70,65,78,80,83
257,653,Keinan Davis (Udinese),ENG,"FW,MF",Udinese,Serie A,25,1998,2.1,23,28,16,12,34
258,657,Charles De Ketelaere (Atalanta),BEL,"FW,MF",Atalanta,Serie A,22,2001,22.5,91,91,93,90,95
259,663,Grégoire Defrel (Sassuolo),MTQ,"FW,MF",Sassuolo,Serie A,32,1991,8.4,38,33,31,38,27
260,665,Romain Del Castillo (Brest),FRA,FW,Brest,Ligue 1,27,1996,27.7,99,99,95,99,82
261,667,Sacha Delaye (Montpellier),FRA,"MF,FW",Montpellier,Ligue 1,21,2002,1.4,18,21,16,28,18
262,671,Karamoko Dembele (Brest),SCO,"MF,FW",Brest,Ligue 1,20,2003,0.2,0,0,0,18,0
263,672,Ousmane Dembélé (Paris S-G),FRA,"MF,FW",Paris S-G,Ligue 1,26,1997,16.7,98,98,99,100,97
264,673,Jessy Deminguet (Strasbourg),FRA,"MF,FW",Strasbourg,Ligue 1,25,1998,7.7,28,21,31,47,18
265,674,Ermedin Demirović (Augsburg),BIH,"FW,MF",Augsburg,Bundesliga,25,1998,31.9,84,84,65,65,67
266,682,Mattia Destro (Empoli),ITA,"FW,MF",Empoli,Serie A,32,1991,4.1,21,14,24,24,34
267,684,Federico Di Francesco (Lecce),ITA,"FW,MF",Lecce,Serie A,29,1994,0.2,9,0,10,0,0
268,689,Boulaye Dia (Salernitana),SEN,"FW,MF",Salernitana,Serie A,26,1996,12.7,73,63,54,61,50
269,690,Moussa Diaby (Aston Villa),FRA,"FW,MF",Aston Villa,Premier League,24,1999,24.2,86,84,94,86,94
270,693,Mamadou Diakhon (Reims),FRA,"FW,MF",Reims,Ligue 1,17,2005,2.3,48,41,40,18,45
271,697,Oumar Diakité (Reims),CIV,FW,Reims,Ligue 1,19,2003,17.6,83,81,66,66,82
272,698,Amad Diallo (Manchester Utd),CIV,"FW,MF",Manchester Utd,Premier League,21,2002,4.3,52,56,40,52,39
273,700,Assane Diao (Betis),ESP,FW,Betis,La Liga,17,2005,11.6,80,72,70,73,73
274,701,Habib Diarra (Strasbourg),SEN,"MF,FW",Strasbourg,Ligue 1,19,2004,25.6,82,88,85,95,64
275,704,Krépin Diatta (Monaco),SEN,"DF,FW",Monaco,Ligue 1,24,1999,13.4,74,84,79,77,64
276,707,Brahim Díaz (Real Madrid),MAR,"FW,MF",Real Madrid,La Liga,23,1999,17.2,94,97,90,94,91
277,708,Luis Díaz (Liverpool),COL,FW,Liverpool,Premier League,26,1997,29.2,98,98,98,98,99
278,710,Famara Diedhiou (Granada),SEN,"FW,MF",Granada,La Liga,30,1992,1,23,33,26,24,27
279,711,Justin Diehl (Köln),GER,"FW,MF",Köln,Bundesliga,18,2004,1.9,42,47,28,18,45
280,712,Bamba Dieng (Lorient),SEN,FW,Lorient,Ligue 1,23,2000,6.1,35,28,26,18,34
281,716,Florian Dietz (Köln),GER,"FW,MF",Köln,Bundesliga,24,1998,0.8,0,0,0,12,0
282,721,Eren Dinkçi (Heidenheim),GER,"FW,MF",Heidenheim,Bundesliga,21,2001,29.4,92,92,92,93,83
283,725,Sofiane Diop (Nice),FRA,FW,Nice,Ligue 1,23,2000,5.5,50,41,57,62,50
284,735,Ben Doak (Liverpool),SCO,FW,Liverpool,Premier League,17,2005,0.2,0,0,0,0,0
285,743,Jeremy Doku (Manchester City),BEL,"FW,MF",Manchester City,Premier League,21,2002,17.7,99,99,100,94,100
286,744,Jeremy Doku (Rennes),BEL,FW,Rennes,Ligue 1,21,2002,1.2,32,51,40,35,55
287,747,Mario Dominguez (Valencia),ESP,FW,Valencia,La Liga,19,2004,0.3,0,0,0,0,0
288,748,Nicolás Domínguez (Nott'ham Forest),ARG,"MF,FW",Nott'ham Forest,Premier League,25,1998,16.6,44,44,46,53,27
289,751,Jamie Donley (Tottenham),ENG,FW,Tottenham,Premier League,18,2005,0,9,0,0,0,0
290,757,Abdoulaye Doucouré (Everton),MLI,"FW,MF",Everton,Premier League,30,1993,29.2,76,81,83,83,78
291,759,Siriné Doucouré (Lorient),MLI,FW,Lorient,Ligue 1,21,2002,4.7,55,61,46,38,69
292,760,Désiré Doué (Rennes),FRA,"MF,FW",Rennes,Ligue 1,18,2005,18.1,94,98,91,97,90
293,766,Anastasios Douvikas (Celta Vigo),GRE,FW,Celta Vigo,La Liga,23,1999,10.1,50,51,38,35,50
294,767,Artem Dovbyk (Girona),UKR,FW,Girona,La Liga,26,1997,28.7,55,70,54,38,77
295,768,Nikola Dovedan (Heidenheim),AUT,"MF,FW",Heidenheim,Bundesliga,29,1994,7.3,52,47,43,49,39
296,769,Damion Downs (Köln),GER,"FW,MF",Köln,Bundesliga,19,2004,2,21,14,10,12,18
297,773,Dion Drena Beljo (Augsburg),CRO,"FW,MF",Augsburg,Bundesliga,21,2002,6.5,53,56,50,53,50
298,778,Marvin Ducksch (Werder Bremen),GER,FW,Werder Bremen,Bundesliga,29,1994,30,58,58,52,65,55
299,784,Jhon Durán (Aston Villa),COL,"FW,MF",Aston Villa,Premier League,19,2003,5.3,23,21,36,32,45
300,785,Julien Duranville (Dortmund),BEL,"FW,MF",Dortmund,Bundesliga,17,2006,0.1,23,28,16,12,18
301,786,Hugo Duro (Valencia),ESP,FW,Valencia,La Liga,23,1999,33.1,71,61,64,65,71
302,788,Paulo Dybala (Roma),ARG,"FW,MF",Roma,Serie A,29,1993,21.8,88,83,91,94,90
303,789,Aron Dønnum (Toulouse),NOR,"FW,MF",Toulouse,Ligue 1,25,1998,17.7,87,87,88,83,82
304,790,George Earthy (West Ham),ENG,FW,West Ham,Premier League,18,2004,0.4,0,0,0,12,0
305,797,Odsonne Édouard (Crystal Palace),FRA,"FW,MF",Crystal Palace,Premier League,25,1998,17.3,78,74,70,62,87
306,803,Hugo Ekitike (Paris S-G),FRA,FW,Paris S-G,Ligue 1,21,2002,0.1,0,0,0,0,18
307,804,Hugo Ekitike (Eint Frankfurt),FRA,FW,Eint Frankfurt,Bundesliga,21,2002,8,70,72,50,44,62
308,805,Emmanuel Ekong (Empoli),SWE,FW,Empoli,Serie A,21,2002,0.1,18,0,0,0,0
309,806,Caleb Ekuban (Genoa),GHA,FW,Genoa,Serie A,29,1994,12.6,50,53,46,41,62
310,807,Anthony Elanga (Nott'ham Forest),SWE,"FW,MF",Nott'ham Forest,Premier League,21,2002,27,88,83,95,92,95
311,808,Simon Elisor (Metz),FRA,FW,Metz,Ligue 1,24,1999,8.5,45,37,36,41,45
312,809,Harvey Elliott (Liverpool),ENG,"MF,FW",Liverpool,Premier League,20,2003,15,48,51,77,89,62
313,810,Elif Elmas (Napoli),MKD,"FW,MF",Napoli,Serie A,23,1999,3.8,38,41,46,53,39
314,811,Elif Elmas (RB Leipzig),MKD,"MF,FW",RB Leipzig,Bundesliga,23,1999,3,33,37,36,38,39
315,815,Adri Embarba (Almería),ESP,"FW,MF",Almería,La Liga,31,1992,27.5,96,94,94,92,85
316,816,Breel Embolo (Monaco),SUI,FW,Monaco,Ligue 1,26,1997,2,28,33,34,32,50
317,817,Emanuel Emegha (Strasbourg),NED,FW,Strasbourg,Ligue 1,20,2003,23.1,65,53,62,64,71
318,819,Youssef En-Nesyri (Sevilla),MAR,FW,Sevilla,La Liga,26,1997,28.6,67,56,52,47,67
319,820,Julio Enciso (Brighton),PAR,"MF,FW",Brighton,Premier League,19,2004,5.3,59,70,65,65,55
320,831,Oscar Estupiñan (Metz),COL,FW,Metz,Ligue 1,26,1996,2.9,14,14,26,24,0
321,833,Karl Etta (Cádiz),CMR,FW,Cádiz,La Liga,19,2004,0.2,0,0,0,0,0
322,835,Eberechi Eze (Crystal Palace),ENG,"MF,FW",Crystal Palace,Premier League,25,1998,22.8,98,98,88,94,95
323,836,Abde Ezzalzouli (Barcelona),MAR,"FW,MF",Barcelona,La Liga,21,2001,0.8,21,21,31,24,39
324,837,Abde Ezzalzouli (Betis),MAR,FW,Betis,La Liga,21,2001,9.6,78,76,84,81,92
325,838,Giovanni Fabbian (Bologna),ITA,"MF,FW",Bologna,Serie A,20,2003,11.7,53,58,40,47,45
326,841,Romain Faivre (Bournemouth),FRA,"MF,FW",Bournemouth,Premier League,25,1998,0.5,28,21,24,28,0
327,842,Romain Faivre (Lorient),FRA,"MF,FW",Lorient,Ligue 1,25,1998,16.1,92,93,88,88,67
328,843,Ilhan Fakili (Clermont Foot),FRA,"MF,FW",Clermont Foot,Ligue 1,17,2006,1,26,14,16,12,27
329,844,Radamel Falcao (Rayo Vallecano),COL,"FW,DF",Rayo Vallecano,La Liga,37,1986,4.5,30,28,31,28,45
330,849,Ansu Fati (Brighton),ESP,"MF,FW",Brighton,Premier League,20,2002,5.8,45,37,50,32,62
331,850,Ansu Fati (Barcelona),ESP,"MF,FW",Barcelona,La Liga,20,2002,0.6,18,14,28,28,27
332,851,Khalil Fayad (Montpellier),FRA,"FW,MF",Montpellier,Ligue 1,19,2004,11.4,52,53,54,56,39
333,854,Peter Federico (Valencia),DOM,"MF,FW",Valencia,La Liga,21,2002,7.2,59,61,56,41,62
334,855,Nabil Fekir (Betis),FRA,"MF,FW",Betis,La Liga,30,1993,11.7,65,76,69,75,55
335,858,João Félix (Barcelona),POR,FW,Barcelona,La Liga,23,1999,17.1,91,84,88,91,90
336,861,Evan Ferguson (Brighton),IRL,FW,Brighton,Premier League,18,2004,15.2,43,44,45,44,45
337,863,Bruno Fernandes (Manchester Utd),POR,"MF,FW",Manchester Utd,Premier League,28,1994,34.6,74,74,92,94,84
338,867,Carlos Fernández (Real Sociedad),ESP,FW,Real Sociedad,La Liga,27,1996,4.5,33,28,26,24,0
339,870,Valery Fernández (Girona),ESP,"MF,FW",Girona,La Liga,23,1999,5.6,47,44,57,47,55
340,873,Ichem Ferrah (Lille),FRA,FW,Lille,Ligue 1,17,2005,0,0,0,0,0,0
341,878,Nacho Ferri (Eint Frankfurt),ESP,"FW,MF",Eint Frankfurt,Bundesliga,18,2004,0.8,9,0,0,0,0
342,879,Rachad Fettal (Almería),MAR,FW,Almería,La Liga,18,2005,0.2,0,0,0,0,0
343,880,Seydou Fini (Genoa),ITA,"DF,FW",Genoa,Serie A,17,2006,0.4,9,0,10,18,0
344,881,Max Finkgräfe (Köln),GER,"DF,FW",Köln,Bundesliga,19,2004,19.5,81,89,81,81,67
345,887,Phil Foden (Manchester City),ENG,"FW,MF",Manchester City,Premier League,23,2000,31.7,93,94,94,98,98
346,889,Malick Fofana (Lyon),BEL,FW,Lyon,Ligue 1,18,2005,6.2,42,47,63,62,64
347,893,Michael Folorunsho (Hellas Verona),ITA,"MF,FW",Hellas Verona,Serie A,25,1998,30.9,86,78,84,85,59
348,894,Tiago Fonseca Morais (Lille),POR,FW,Lille,Ligue 1,19,2003,0.5,18,0,20,0,18
349,895,Pablo Fornals (West Ham),ESP,"MF,FW",West Ham,Premier League,27,1996,4.7,37,41,24,38,27
350,896,Pablo Fornals (Betis),ESP,"FW,MF",Betis,La Liga,27,1996,12.8,56,56,73,69,71
351,897,Emil Forsberg (RB Leipzig),SWE,"MF,FW",RB Leipzig,Bundesliga,31,1991,5.2,32,28,34,24,39
352,898,Omari Forson (Manchester Utd),ENG,FW,Manchester Utd,Premier League,19,2004,0.8,14,14,10,24,0
353,899,Philipp Förster (Bochum),GER,"MF,FW",Bochum,Bundesliga,28,1995,4.3,21,14,31,47,18
354,901,Lyle Foster (Burnley),RSA,"FW,MF",Burnley,Premier League,22,2000,21.1,70,74,83,78,93
355,904,Matheus França (Crystal Palace),BRA,"MF,FW",Crystal Palace,Premier League,19,2004,2.6,40,33,43,49,45
356,907,Nathan Fraser (Wolves),IRL,FW,Wolves,Premier League,18,2005,2.1,0,0,10,12,18
357,909,Jean Frederic N'Guessan (Metz),CIV,"MF,FW",Metz,Ligue 1,20,2003,1.2,21,28,10,18,0
358,915,Jorge de Frutos (Rayo Vallecano),ESP,"FW,MF",Rayo Vallecano,La Liga,26,1997,17.2,77,65,76,76,69
359,916,Chris Führich (Stuttgart),GER,"FW,MF",Stuttgart,Bundesliga,25,1998,28.5,99,99,99,100,98
360,917,Shiō Fukuda (Gladbach),JPN,"FW,MF",Gladbach,Bundesliga,19,2004,0.4,9,14,0,0,0
361,919,Niclas Füllkrug (Werder Bremen),GER,FW,Werder Bremen,Bundesliga,30,1993,2,9,0,16,12,0
362,920,Niclas Füllkrug (Dortmund),GER,FW,Dortmund,Bundesliga,30,1993,24.6,48,37,52,59,67
363,921,Gerardo Fusco (Salernitana),ITA,FW,Salernitana,Serie A,18,2005,0.2,9,0,0,0,0
364,925,Gianluca Gaetano (Cagliari),ITA,"FW,MF",Cagliari,Serie A,23,2000,8.3,60,53,52,56,50
365,928,Cody Gakpo (Liverpool),NED,"FW,MF",Liverpool,Premier League,24,1999,18.3,79,87,77,78,71
366,936,Kévin Gameiro (Strasbourg),FRA,"FW,MF",Strasbourg,Ligue 1,36,1987,15,38,44,63,73,64
367,938,Ignatius Ganago (Nantes),CMR,"FW,MF",Nantes,Ligue 1,24,1999,2,9,0,31,18,34
368,940,Álvaro García (Rayo Vallecano),ESP,"FW,MF",Rayo Vallecano,La Liga,30,1992,27.5,55,53,84,66,83
369,946,Francisco Jesús Crespo García (Las Palmas),ESP,FW,Las Palmas,La Liga,27,1996,5.6,65,65,52,57,39
370,947,Gonzalo García (Real Madrid),ESP,"FW,MF",Real Madrid,La Liga,19,2004,0.2,9,0,10,12,18
371,948,Jastin García (Girona),ESP,FW,Girona,La Liga,19,2004,0.4,14,14,16,0,18
372,949,Raúl García (Athletic Club),ESP,"FW,MF",Athletic Club,La Liga,37,1986,4.7,23,21,24,38,27
373,950,Rubén García (Osasuna),ESP,"FW,MF",Osasuna,La Liga,30,1993,17.2,61,72,50,74,39
374,953,Alejandro Garnacho (Manchester Utd),ARG,FW,Manchester Utd,Premier League,19,2004,28.5,97,95,100,99,100
375,958,Federico Gattoni (Sevilla),ARG,"DF,FW",Sevilla,La Liga,24,1999,0.1,0,0,0,0,0
376,959,Gavi (Barcelona),ESP,"MF,FW",Barcelona,La Liga,18,2004,10.5,50,58,63,71,34
377,961,Yann Gboho (Toulouse),FRA,"MF,FW",Toulouse,Ligue 1,22,2001,13.3,83,86,87,86,88
378,963,Gelabert (Toulouse),ESP,"MF,FW",Toulouse,Ligue 1,22,2000,8.4,59,61,46,61,67
379,967,Denis Genreau (Toulouse),AUS,"MF,FW",Toulouse,Ligue 1,24,1999,5.2,37,33,28,32,27
380,970,Farés Ghedjemis (Frosinone),FRA,"FW,MF",Frosinone,Serie A,20,2002,2,28,21,31,18,45
381,973,Morgan Gibbs-White (Nott'ham Forest),ENG,"MF,FW",Nott'ham Forest,Premier League,23,2000,35.1,95,93,91,95,75
382,975,Bryan Gil (Tottenham),ESP,"FW,MF",Tottenham,Premier League,22,2001,2.3,35,47,40,35,45
383,983,Olivier Giroud (Milan),FRA,FW,Milan,Serie A,36,1986,26.3,35,28,36,38,39
384,985,Serge Gnabry (Bayern Munich),GER,"FW,MF",Bayern Munich,Bundesliga,28,1995,4.8,37,41,60,44,69
385,989,Aleksandr Golovin (Monaco),RUS,"MF,FW",Monaco,Ligue 1,27,1996,23.9,74,80,80,88,79
386,990,André Gomes (Everton),POR,"MF,FW",Everton,Premier League,30,1993,5.6,37,28,34,38,34
387,995,Maxi Gómez (Cádiz),URU,FW,Cádiz,La Liga,26,1996,12.9,35,33,45,47,27
388,996,Moi Gómez (Osasuna),ESP,"MF,FW",Osasuna,La Liga,29,1994,22.3,59,70,72,73,34
389,997,Papu Gómez (Monza),ARG,"MF,FW",Monza,Serie A,35,1988,0.5,0,0,16,18,18
390,998,Sergio Gómez (Manchester City),ESP,"FW,MF",Manchester City,Premier League,22,2000,0.6,14,21,24,0,18
391,1006,Hugo González (Valencia),ESP,"MF,FW",Valencia,La Liga,20,2003,1,14,0,16,18,0
392,1009,Nicolás González (Fiorentina),ARG,FW,Fiorentina,Serie A,25,1998,21.3,91,88,82,90,81
393,1011,Anthony Gordon (Newcastle Utd),ENG,FW,Newcastle Utd,Premier League,22,2001,32.1,98,96,99,97,98
394,1012,Kaide Gordon (Liverpool),ENG,FW,Liverpool,Premier League,18,2004,0,0,0,0,0,0
395,1019,Amine Gouiri (Rennes),ALG,"FW,MF",Rennes,Ligue 1,23,2000,23,90,94,85,89,89
396,1021,Pablo Gozalbez (Valencia),ESP,"MF,FW",Valencia,La Liga,22,2001,1.1,18,0,0,12,18
397,1024,Samuel Grandsir (Le Havre),FRA,"MF,FW",Le Havre,Ligue 1,26,1996,6.7,53,44,59,69,59
398,1027,Ryan Gravenberch (Bayern Munich),NED,FW,Bayern Munich,Bundesliga,21,2002,0.1,9,14,0,0,0
399,1028,Adrian Grbić (Lorient),AUT,FW,Lorient,Ligue 1,26,1996,0.3,0,0,0,0,0
400,1030,Jack Grealish (Manchester City),ENG,"FW,MF",Manchester City,Premier League,27,1995,11.2,71,72,93,87,97
401,1031,Mason Greenwood (Getafe),ENG,"MF,FW",Getafe,La Liga,21,2001,29.6,98,99,98,98,99
402,1032,Michael Gregoritsch (Freiburg),AUT,FW,Freiburg,Bundesliga,29,1994,18.7,45,37,43,62,39
403,1034,Antoine Griezmann (Atlético Madrid),FRA,"FW,MF",Atlético Madrid,La Liga,32,1991,29.4,68,78,77,82,55
404,1035,Vincenzo Grifo (Freiburg),ITA,"MF,FW",Freiburg,Bundesliga,30,1993,25.8,81,79,83,80,85
405,1040,Brajan Gruda (Mainz 05),GER,"MF,FW",Mainz 05,Bundesliga,19,2004,18.2,99,98,95,92,96
406,1044,Sergi Guardiola (Cádiz),ESP,"FW,MF",Cádiz,La Liga,32,1991,5.5,40,44,38,38,27
407,1046,Gabriel Gudmundsson (Lille),SWE,"DF,FW",Lille,Ligue 1,24,1999,14.1,63,51,75,64,71
408,1047,Gonçalo Guedes (Villarreal),POR,"FW,MF",Villarreal,La Liga,26,1996,10.6,42,53,74,62,64
409,1048,Axel Gueguin (Montpellier),FRA,"DF,FW",Montpellier,Ligue 1,18,2005,1.5,14,14,16,18,18
410,1055,Evann Guessand (Nice),CIV,FW,Nice,Ligue 1,22,2001,17.3,84,80,75,76,73
411,1059,Morgan Guilavogui (Lens),GUI,"FW,MF",Lens,Ligue 1,25,1998,6.3,33,37,50,41,55
412,1063,Serhou Guirassy (Stuttgart),GUI,FW,Stuttgart,Bundesliga,27,1996,24.5,71,68,69,64,80
413,1064,Marc Guiu (Barcelona),ESP,"FW,MF",Barcelona,La Liga,17,2006,0.8,0,0,10,12,18
414,1067,Arda Güler (Real Madrid),TUR,"FW,MF",Real Madrid,La Liga,18,2005,4.2,50,56,50,35,50
415,1073,Gorka Guruzeta (Athletic Club),ESP,FW,Athletic Club,La Liga,26,1996,24.6,64,74,54,53,39
416,1076,Albert Guðmundsson (Genoa),ISL,"FW,MF",Genoa,Serie A,26,1997,33.5,93,92,92,97,78
417,1078,Emmanuel Gyasi (Empoli),GHA,"DF,FW",Empoli,Serie A,29,1994,20.9,49,28,48,56,39
418,1080,Erling Haaland (Manchester City),NOR,FW,Manchester City,Premier League,23,2000,28.4,60,58,71,53,83
419,1083,Robin Hack (Gladbach),GER,"FW,MF",Gladbach,Bundesliga,24,1998,15,82,82,80,84,81
420,1084,Antwoine Hackford (Sheffield Utd),ENG,FW,Sheffield Utd,Premier League,19,2004,0.1,9,0,0,12,0
421,1085,Munir El Haddadi (Las Palmas),MAR,FW,Las Palmas,La Liga,27,1995,27.2,82,76,63,77,59
422,1087,Ianis Hagi (Alavés),ROU,"MF,FW",Alavés,La Liga,24,1998,8.9,57,63,52,53,27
423,1093,Sébastien Haller (Dortmund),CIV,FW,Dortmund,Bundesliga,29,1994,4.4,23,33,40,28,27
424,1099,Amine Harit (Marseille),MAR,"MF,FW",Marseille,Ligue 1,26,1997,20.2,88,91,92,96,67
425,1101,Jack Harrison (Everton),ENG,"MF,FW",Everton,Premier League,26,1996,24.6,88,84,87,78,73
426,1102,Abdou Harroui (Frosinone),NED,"MF,FW",Frosinone,Serie A,25,1998,11.3,74,74,77,78,59
427,1107,Kai Havertz (Arsenal),GER,"MF,FW",Arsenal,Premier League,24,1999,29.3,72,68,83,82,84
428,1110,Hwang Hee-chan (Wolves),KOR,"FW,MF",Wolves,Premier League,27,1996,23.5,85,89,73,66,85
429,1112,Silvan Hefti (Montpellier),SUI,"DF,FW",Montpellier,Ligue 1,25,1997,7.9,33,44,46,44,18
430,1118,Luis Henrique (Marseille),BRA,"FW,DF",Marseille,Ligue 1,21,2001,8.7,55,61,67,74,62
431,1119,Luiz Henrique (Betis),BRA,FW,Betis,La Liga,22,2001,6.8,75,82,71,56,64
432,1122,Thomas Henry (Hellas Verona),FRA,FW,Hellas Verona,Serie A,28,1994,3.7,23,14,16,18,18
433,1133,Cristian Herrera (Las Palmas),ESP,"FW,MF",Las Palmas,La Liga,32,1991,1.8,14,14,16,24,0
434,1136,Patrick Herrmann (Gladbach),GER,"FW,DF",Gladbach,Bundesliga,32,1991,1,9,0,20,28,18
435,1138,Son Heung-min (Tottenham),KOR,FW,Tottenham,Premier League,31,1992,32.6,91,91,97,87,98
436,1145,Adam Hložek (Leverkusen),CZE,"MF,FW",Leverkusen,Bundesliga,21,2002,5.1,40,33,46,44,45
437,1148,Philipp Hofmann (Bochum),GER,FW,Bochum,Bundesliga,30,1993,17.5,42,51,31,35,27
438,1149,Lucas Höler (Freiburg),GER,"FW,MF",Freiburg,Bundesliga,29,1994,25.6,59,61,62,52,45
439,1152,Benedict Hollerbach (Union Berlin),GER,"FW,MF",Union Berlin,Bundesliga,22,2001,14.2,87,86,80,75,85
440,1154,Gerrit Holtmann (Darmstadt 98),PHI,"MF,FW",Darmstadt 98,Bundesliga,28,1995,4.4,42,44,45,49,59
441,1157,Franck Honorat (Gladbach),FRA,"DF,FW",Gladbach,Bundesliga,26,1996,26.1,79,76,94,94,87
442,1158,Mathias Honsak (Darmstadt 98),AUT,"FW,MF",Darmstadt 98,Bundesliga,26,1996,11.3,60,51,59,56,59
443,1159,Sydney van Hooijdonk (Bologna),NED,FW,Bologna,Serie A,23,2000,2.4,14,21,10,0,0
444,1160,Fraser Hornby (Darmstadt 98),SCO,"FW,MF",Darmstadt 98,Bundesliga,23,1999,2.4,21,14,31,24,39
445,1164,Callum Hudson-Odoi (Nott'ham Forest),ENG,"FW,MF",Nott'ham Forest,Premier League,22,2000,20.6,89,93,96,93,94
446,1172,Rasmus Højlund (Manchester Utd),DEN,FW,Manchester Utd,Premier League,20,2003,24,68,72,72,74,75
447,1175,Arijon Ibrahimović (Frosinone),GER,"FW,DF",Frosinone,Serie A,17,2005,5.3,38,33,38,38,55
448,1176,Iglesias (Getafe),ESP,"DF,FW",Getafe,La Liga,25,1998,15.7,40,41,50,49,27
449,1177,Borja Iglesias (Betis),ESP,FW,Betis,La Liga,30,1993,4.5,14,14,26,32,27
450,1178,Borja Iglesias (Leverkusen),ESP,FW,Leverkusen,Bundesliga,30,1993,2.8,9,0,20,18,34
451,1180,Jonathan Ikone (Fiorentina),FRA,FW,Fiorentina,Serie A,25,1998,18.7,75,76,81,66,93
452,1181,Chukwubuikem Ikwuemesi (Salernitana),NGA,FW,Salernitana,Serie A,21,2001,11.8,61,65,40,49,50
453,1182,Andrej Ilic (Lille),SRB,FW,Lille,Ligue 1,23,2000,0.1,0,0,0,0,0
454,1186,Joel Imasuen (Werder Bremen),USA,FW,Werder Bremen,Bundesliga,18,2004,0,0,0,0,0,0
455,1187,Ciro Immobile (Lazio),ITA,FW,Lazio,Serie A,33,1990,18.4,57,47,56,53,73
456,1189,Danny Ings (West Ham),ENG,FW,West Ham,Premier League,31,1992,4.5,38,41,31,18,34
457,1192,Alexander Isak (Newcastle Utd),SWE,FW,Newcastle Utd,Premier League,23,1999,25.1,87,92,88,78,93
458,1193,Gustav Isaksen (Lazio),DEN,FW,Lazio,Serie A,22,2001,11.9,73,65,72,66,73
459,1201,Junya Ito (Reims),JPN,"FW,MF",Reims,Ligue 1,30,1993,30.2,94,96,98,97,92
460,1204,Alex Iwobi (Fulham),NGA,"FW,MF",Fulham,Premier League,27,1996,24.4,86,90,96,98,88
461,1206,Nicolas Jackson (Chelsea),SEN,FW,Chelsea,Premier League,22,2001,31.1,93,96,89,87,91
462,1209,Lee Jae-sung (Mainz 05),KOR,"MF,FW",Mainz 05,Bundesliga,30,1992,23.5,68,65,62,61,39
463,1213,Kristijan Jakić (Eint Frankfurt),CRO,"MF,FW",Eint Frankfurt,Bundesliga,26,1997,2.2,14,0,20,28,18
464,1215,Ablie Jallow (Metz),GAM,"MF,FW",Metz,Ligue 1,24,1998,10.2,68,68,66,74,34
465,1218,Jakub Jankto (Cagliari),CZE,"MF,FW",Cagliari,Serie A,27,1996,9.7,18,14,43,47,27
466,1220,Adnan Januzaj (Sevilla),BEL,"FW,MF",Sevilla,La Liga,28,1995,2.1,35,37,10,24,0
467,1221,Nuha Jatta (RB Leipzig),GAM,FW,RB Leipzig,Bundesliga,17,2006,0,0,0,0,0,0
468,1223,Luis Javier Suárez (Almería),COL,FW,Almería,La Liga,25,1997,10.2,52,58,67,52,75
469,1226,Daniel Jebbison (Sheffield Utd),ENG,FW,Sheffield Utd,Premier League,19,2003,0.2,0,0,0,0,0
470,1227,Jeffinho (Lyon),BRA,"FW,MF",Lyon,Ligue 1,23,1999,3.4,68,63,48,53,45
471,1228,Fredrik Jensen (Augsburg),FIN,"MF,FW",Augsburg,Bundesliga,25,1997,14.9,56,37,59,44,50
472,1231,Gabriel Jesus (Arsenal),BRA,FW,Arsenal,Premier League,26,1997,16.4,88,89,74,66,87
473,1234,Raúl Jiménez (Fulham),MEX,FW,Fulham,Premier League,32,1991,15.5,53,53,40,56,45
474,1235,João Pedro (Brighton),BRA,"FW,MF",Brighton,Premier League,21,2001,22.7,94,93,92,86,96
475,1236,Joelinton (Newcastle Utd),BRA,"MF,FW",Newcastle Utd,Premier League,26,1996,14.2,66,70,66,71,50
476,1238,Ben Johnson (West Ham),ENG,"DF,FW",West Ham,Premier League,23,2000,6,55,56,52,49,18
477,1239,Brennan Johnson (Tottenham),WAL,FW,Tottenham,Premier League,22,2001,23.2,86,81,94,81,96
478,1240,Brennan Johnson (Nott'ham Forest),WAL,"FW,MF",Nott'ham Forest,Premier League,22,2001,2.6,28,21,34,28,34
479,1247,Jeremy Jorge (Getafe),ESP,FW,Getafe,La Liga,20,2003,0,0,0,0,0,0
480,1248,Kaio Jorge (Frosinone),BRA,FW,Frosinone,Serie A,21,2002,9,45,37,28,35,39
481,1250,Willian José (Betis),BRA,FW,Betis,La Liga,31,1991,21.9,37,41,34,41,27
482,1251,Joselu (Real Madrid),ESP,FW,Real Madrid,La Liga,33,1990,18.7,40,41,48,41,69
483,1252,Diogo Jota (Liverpool),POR,FW,Liverpool,Premier League,26,1996,12.7,71,65,83,76,84
484,1253,Antoine Joujou (Le Havre),FRA,"FW,MF",Le Havre,Ligue 1,20,2003,8.7,79,74,71,66,77
485,1254,Luka Jović (Milan),SRB,FW,Milan,Serie A,25,1997,9.7,38,44,28,38,0
486,1256,Juanmi (Cádiz),ESP,FW,Cádiz,La Liga,30,1993,9.7,52,51,31,41,45
487,1261,Eli Junior Kroupi (Lorient),FRA,"FW,MF",Lorient,Ligue 1,17,2006,12,48,58,38,53,45
488,1264,Vinicius Júnior (Real Madrid),BRA,FW,Real Madrid,La Liga,23,2000,20.7,99,98,98,97,100
489,1267,Julian Justvan (Hoffenheim),GER,"FW,MF",Hoffenheim,Bundesliga,25,1998,0.5,0,0,34,28,18
490,1268,Julian Justvan (Darmstadt 98),GER,"MF,FW",Darmstadt 98,Bundesliga,25,1998,11.4,67,68,57,64,45
491,1272,Sory Kaba (Las Palmas),GUI,FW,Las Palmas,La Liga,28,1995,8,50,56,31,38,34
492,1276,Abdoul Kader Bamba (Nantes),FRA,"FW,MF",Nantes,Ligue 1,29,1994,6.8,61,53,76,73,71
493,1278,Pavel Kadeřábek (Hoffenheim),CZE,"DF,FW",Hoffenheim,Bundesliga,31,1992,26.8,42,28,74,71,62
494,1279,Tino Kadewere (Lyon),ZIM,"FW,MF",Lyon,Ligue 1,27,1996,3.3,23,28,24,18,34
495,1280,Tino Kadewere (Nantes),ZIM,"FW,MF",Nantes,Ligue 1,27,1996,8.7,53,51,48,32,50
496,1282,Florian Kainz (Köln),AUT,"MF,FW",Köln,Bundesliga,30,1992,24.4,72,79,75,84,59
497,1283,Sasa Kalajdzic (Wolves),AUT,FW,Wolves,Premier League,26,1997,1.8,9,14,10,12,0
498,1284,Sasa Kalajdzic (Eint Frankfurt),AUT,FW,Eint Frankfurt,Bundesliga,26,1997,3.6,18,14,10,24,0
499,1285,Arnaud Kalimuendo (Rennes),FRA,FW,Rennes,Ligue 1,21,2002,23.8,75,70,64,62,71
500,1286,Yayah Kallon (Hellas Verona),SLE,FW,Hellas Verona,Serie A,22,2001,0,0,0,0,0,0
501,1290,Waren Kamanzi (Toulouse),NOR,"DF,FW",Toulouse,Ligue 1,22,2000,13.2,30,21,71,64,59
502,1294,Jakub Kamiński (Wolfsburg),POL,"FW,MF",Wolfsburg,Bundesliga,21,2002,5.3,37,14,45,32,62
503,1297,Harry Kane (Bayern Munich),ENG,FW,Bayern Munich,Bundesliga,30,1993,31.5,81,80,72,73,73
504,1298,Lee Kang-in (Paris S-G),KOR,"FW,MF",Paris S-G,Ligue 1,22,2001,16.3,77,81,80,89,78
505,1299,Yann Karamoh (Torino),FRA,"MF,FW",Torino,Serie A,25,1998,1.8,45,41,40,38,34
506,1300,Yann Karamoh (Montpellier),FRA,"FW,MF",Montpellier,Ligue 1,25,1998,3.2,37,41,31,41,0
507,1305,Jesper Karlsson (Bologna),SWE,FW,Bologna,Serie A,25,1998,3.8,35,37,45,38,50
508,1306,Jon Karrikaburu (Alavés),ESP,"MF,FW",Alavés,La Liga,20,2002,0.2,0,0,0,0,0
509,1309,Silas Katompa (Stuttgart),COD,"FW,MF",Stuttgart,Bundesliga,24,1998,10,88,90,80,76,82
510,1311,Mikkel Kaufmann (Union Berlin),DEN,FW,Union Berlin,Bundesliga,22,2001,5.4,33,28,28,12,39
511,1313,Moise Kean (Juventus),ITA,FW,Juventus,Serie A,23,2000,7.3,63,63,43,35,55
512,1324,Thomas Keller (Heidenheim),GER,"MF,FW",Heidenheim,Bundesliga,23,1999,0,0,0,0,0,0
513,1326,Omari Kellyman (Aston Villa),ENG,FW,Aston Villa,Premier League,17,2005,0.4,0,0,10,12,0
514,1331,Reda Khadra (Reims),GER,"FW,MF",Reims,Ligue 1,22,2001,15.2,82,83,71,80,73
515,1332,Wahbi Khazri (Montpellier),TUN,FW,Montpellier,Ligue 1,32,1991,12.6,68,63,64,68,64
516,1335,Kiké (Alavés),ESP,"FW,MF",Alavés,La Liga,33,1989,15.8,64,65,54,47,69
517,1343,Tim Kleindienst (Heidenheim),GER,FW,Heidenheim,Bundesliga,27,1995,31.9,83,74,75,83,77
518,1345,Justin Kluivert (Bournemouth),NED,"MF,FW",Bournemouth,Premier League,24,1999,21.3,85,80,87,83,92
519,1354,Luca Koleosho (Burnley),ITA,"MF,FW",Burnley,Premier League,18,2004,10.8,89,88,82,83,90
520,1355,Randal Kolo Muani (Paris S-G),FRA,"FW,MF",Paris S-G,Ligue 1,24,1998,14.1,86,83,72,62,77
521,1356,Randal Kolo Muani (Eint Frankfurt),FRA,FW,Eint Frankfurt,Bundesliga,24,1998,1.7,42,33,28,28,27
522,1363,Ibrahima Koné (Almería),MLI,FW,Almería,La Liga,24,1999,3.1,21,14,26,12,39
523,1364,Ibrahima Koné (Lorient),MLI,FW,Lorient,Ligue 1,24,1999,0.4,0,0,0,0,0
524,1370,Christian Kouamé (Fiorentina),CIV,FW,Fiorentina,Serie A,25,1997,12.1,59,51,43,52,45
525,1381,Dawid Kownacki (Werder Bremen),POL,FW,Werder Bremen,Bundesliga,26,1997,4.2,18,21,26,12,34
526,1384,Andrej Kramarić (Hoffenheim),CRO,"MF,FW",Hoffenheim,Bundesliga,32,1991,24.4,78,81,89,89,85
527,1391,Nikola Krstović (Lecce),MNE,FW,Lecce,Serie A,23,2000,26.4,82,84,69,66,78
528,1394,Takefusa Kubo (Real Sociedad),JPN,"FW,MF",Real Sociedad,La Liga,22,2001,23.9,96,97,98,93,98
529,1395,Mohammed Kudus (West Ham),GHA,"FW,MF",West Ham,Premier League,22,2000,27.6,100,100,97,95,94
530,1397,Dejan Kulusevski (Tottenham),SWE,"FW,MF",Tottenham,Premier League,23,2000,30.7,97,96,99,94,99
531,1400,Justin Kumi (Sassuolo),ITA,FW,Sassuolo,Serie A,19,2004,0,0,0,0,0,0
532,1404,Khvicha Kvaratskhelia (Napoli),GEO,FW,Napoli,Serie A,22,2001,30.4,100,100,100,100,99
533,1405,Giorgi Kvernadze (Frosinone),GEO,"FW,DF",Frosinone,Serie A,20,2003,0.7,23,28,0,12,0
534,1406,Moritz-Broni Kwarteng (Bochum),GHA,FW,Bochum,Bundesliga,25,1998,3.1,45,44,34,35,34
535,1407,Grejohn Kyei (Clermont Foot),FRA,FW,Clermont Foot,Ligue 1,27,1995,11.4,60,53,43,49,34
536,1410,Gaëtan Laborde (Nice),FRA,"FW,MF",Nice,Ligue 1,29,1994,21.2,78,70,70,71,77
537,1411,Alexandre Lacazette (Lyon),FRA,FW,Lyon,Ligue 1,32,1991,25.5,72,78,59,65,64
538,1419,Adam Lallana (Brighton),ENG,"MF,FW",Brighton,Premier League,35,1988,9.4,38,28,36,52,39
539,1420,Mathis Lambourde (Rennes),FRA,FW,Rennes,Ligue 1,17,2006,0.1,0,0,10,0,0
540,1421,Érik Lamela (Sevilla),ARG,"FW,MF",Sevilla,La Liga,31,1992,5.1,43,44,40,53,39
541,1422,Mohamed Lamine Bayo (Le Havre),GUI,FW,Le Havre,Ligue 1,25,1998,15.4,70,70,54,59,73
542,1423,Didier Lamkel Zé (Metz),CMR,"FW,MF",Metz,Ligue 1,26,1996,6.1,44,41,48,64,39
543,1424,Tariq Lamptey (Brighton),GHA,"DF,FW",Brighton,Premier League,22,2000,10.2,47,41,75,61,69
544,1426,Gianluca Lapadula (Cagliari),PER,FW,Cagliari,Serie A,33,1990,13.4,32,33,34,35,55
545,1429,Cyle Larin (Mallorca),CAN,FW,Mallorca,La Liga,28,1995,20.3,70,63,57,53,78
546,1433,Juanmi Latasa (Getafe),ESP,FW,Getafe,La Liga,22,2001,17.3,38,41,31,47,34
547,1435,Armand Lauriente (Sassuolo),FRA,FW,Sassuolo,Serie A,24,1998,32.3,98,98,98,99,96
548,1437,Lázaro (Almería),BRA,"FW,MF",Almería,La Liga,21,2002,3.2,43,37,26,24,27
549,1439,Darko Lazović (Hellas Verona),SRB,"FW,MF",Hellas Verona,Serie A,32,1990,21.4,57,37,77,66,73
550,1444,Jérémy Le Douaron (Brest),FRA,FW,Brest,Ligue 1,25,1998,18,82,68,79,78,75
551,1449,Rafael Leão (Milan),POR,FW,Milan,Serie A,24,1999,27.9,99,99,99,99,99
552,1450,Adrien Lebeau (Brest),FRA,"MF,FW",Brest,Ligue 1,24,1999,0.6,9,0,10,18,18
553,1471,Robert Lewandowski (Barcelona),POL,FW,Barcelona,La Liga,34,1988,30.6,79,79,77,75,81
554,1472,Jamie Leweling (Stuttgart),GER,"FW,MF",Stuttgart,Bundesliga,22,2001,16.9,81,82,87,84,89
555,1474,Keane Lewis-Potter (Brentford),ENG,"FW,DF",Brentford,Premier League,22,2001,16,81,76,84,79,85
556,1478,Jesper Lindstrøm (Napoli),DEN,"FW,MF",Napoli,Serie A,23,2000,4.8,55,56,50,47,45
557,1479,Jesper Lindstrøm (Eint Frankfurt),DEN,FW,Eint Frankfurt,Bundesliga,23,2000,0.9,21,14,16,28,0
558,1484,Marcin Listkowski (Lecce),POL,FW,Lecce,Serie A,25,1998,0.1,0,0,0,0,0
559,1486,Dejan Ljubicic (Köln),AUT,"MF,FW",Köln,Bundesliga,25,1997,22.8,64,65,76,88,45
560,1487,Javier Llabrés (Mallorca),ESP,"MF,FW",Mallorca,La Liga,20,2002,2.7,30,37,36,35,27
561,1499,Andy Logbo (Le Havre),FRA,FW,Le Havre,Ligue 1,19,2004,2.8,23,33,10,0,18
562,1502,Ademola Lookman (Atalanta),NGA,"FW,MF",Atalanta,Serie A,25,1997,21,90,91,89,86,92
563,1506,Diego López (Valencia),ESP,"MF,FW",Valencia,La Liga,21,2002,29.5,88,83,90,93,90
564,1507,Fermin López (Barcelona),ESP,"MF,FW",Barcelona,La Liga,20,2003,16.1,68,78,76,75,64
565,1523,Anthony Lozano (Getafe),HON,"MF,FW",Getafe,La Liga,30,1993,1,21,14,0,0,0
566,1524,Anthony Lozano (Almería),HON,FW,Almería,La Liga,30,1993,8.6,44,33,43,47,45
567,1526,Lorenzo Lucca (Udinese),ITA,FW,Udinese,Serie A,22,2000,28.8,64,58,38,59,45
568,1529,José Luis Morales (Villarreal),ESP,"FW,MF",Villarreal,La Liga,36,1987,11.6,63,51,66,59,80
569,1532,Romelu Lukaku (Roma),BEL,FW,Roma,Serie A,30,1993,29.3,53,56,73,71,83
570,1534,Dodi Lukebakio (Sevilla),BEL,"FW,MF",Sevilla,La Liga,25,1997,12.5,83,86,79,78,85
571,1541,Zito Luvumbo (Cagliari),ANG,"FW,MF",Cagliari,Serie A,21,2002,21.6,90,86,92,86,96
572,1545,Othmane Maamma (Montpellier),FRA,FW,Montpellier,Ligue 1,17,2005,1,33,41,31,35,34
573,1546,Ian Maatsen (Chelsea),NED,"FW,MF",Chelsea,Premier League,21,2002,2.3,21,0,36,32,27
574,1552,Noni Madueke (Chelsea),ENG,FW,Chelsea,Premier League,21,2002,11.7,90,90,90,82,93
575,1561,Frank Magri (Toulouse),CMR,"FW,MF",Toulouse,Ligue 1,23,1999,16,67,61,68,61,67
576,1563,Jon Magunacelaya (Real Sociedad),ESP,"FW,MF",Real Sociedad,La Liga,23,2000,1.3,23,21,16,18,0
577,1564,Adel Mahamoud (Nantes),COM,FW,Nantes,Ligue 1,20,2003,0.1,9,14,0,0,0
578,1566,Habib Maïga (Metz),CIV,"MF,FW",Metz,Ligue 1,27,1996,1.6,0,0,10,18,0
579,1568,Linton Maina (Köln),GER,"FW,MF",Köln,Bundesliga,24,1999,21.1,80,78,96,95,96
580,1574,Lovro Majer (Wolfsburg),CRO,"MF,FW",Wolfsburg,Bundesliga,25,1998,23.4,78,81,85,84,62
581,1575,Jean-Victor Makengo (Lorient),FRA,"MF,FW",Lorient,Ligue 1,25,1998,5.3,40,37,40,38,0
582,1580,Daniel Maldini (Monza),ITA,"MF,FW",Monza,Serie A,21,2001,3.7,47,51,48,38,55
583,1581,Daniel Maldini (Empoli),ITA,"FW,MF",Empoli,Serie A,21,2001,2.9,44,44,31,38,27
584,1583,Donyell Malen (Dortmund),NED,"FW,MF",Dortmund,Bundesliga,24,1999,19.8,92,92,90,89,96
585,1586,Aaron Malouda (Lille),FRA,FW,Lille,Ligue 1,17,2005,0,0,0,0,0,0
586,1588,David Mamutovic (Mainz 05),GER,"FW,DF",Mainz 05,Bundesliga,22,2000,0.1,0,0,0,0,0
587,1590,Hianga Mananga Mbock (Brest),FRA,"MF,FW",Brest,Ligue 1,23,1999,0.1,0,0,10,18,0
588,1592,Marco Mancosu (Cagliari),ITA,"MF,FW",Cagliari,Serie A,34,1988,1.7,26,28,24,18,0
589,1604,Benson Manuel (Burnley),ANG,"MF,FW",Burnley,Premier League,26,1997,1.3,37,33,26,38,0
590,1608,Solly March (Brighton),ENG,"FW,DF",Brighton,Premier League,29,1994,6.2,45,47,46,38,34
591,1612,Alberto Marí (Valencia),ESP,FW,Valencia,La Liga,22,2001,3.1,23,28,16,12,27
592,1613,José Mari (Cádiz),ESP,"MF,FW",Cádiz,La Liga,35,1987,0.2,0,0,0,0,0
593,1616,Mariano (Sevilla),DOM,"FW,MF",Sevilla,La Liga,29,1993,2.7,14,14,20,24,34
594,1617,Mirko Marić (Monza),CRO,FW,Monza,Serie A,28,1995,3.2,21,14,16,24,18
595,1623,Omar Marmoush (Eint Frankfurt),EGY,"FW,MF",Eint Frankfurt,Bundesliga,24,1999,25.6,95,91,93,91,94
596,1624,Marquinhos (Nantes),BRA,"FW,MF",Nantes,Ligue 1,20,2003,1.7,28,33,16,18,18
597,1629,Roger Martí (Cádiz),ESP,FW,Cádiz,La Liga,32,1991,15.1,33,28,31,57,27
598,1630,Anthony Martial (Manchester Utd),FRA,FW,Manchester Utd,Premier League,27,1995,5,26,21,28,35,18
599,1636,Gabriel Martinelli (Arsenal),BRA,FW,Arsenal,Premier League,22,2001,22.4,95,91,98,89,99
600,1641,Lautaro Martínez (Inter),ARG,FW,Inter,Serie A,25,1997,29.5,85,74,83,76,89
601,1646,Marvin (Las Palmas),ESP,"FW,DF",Las Palmas,La Liga,23,2000,20.6,75,74,85,85,71
602,1652,Roberto Massimo (Stuttgart),GER,"FW,DF",Stuttgart,Bundesliga,22,2000,0.9,9,0,20,18,18
603,1654,Jaime Mata (Getafe),ESP,"FW,MF",Getafe,La Liga,34,1988,19.9,42,47,50,59,55
604,1657,Jean-Philippe Mateta (Crystal Palace),FRA,FW,Crystal Palace,Premier League,26,1997,25.4,84,81,66,57,73
605,1664,Jean Mattéo Bahoya (Eint Frankfurt),FRA,"MF,FW",Eint Frankfurt,Bundesliga,18,2005,2,35,41,28,35,34
606,1669,Neal Maupay (Brentford),FRA,FW,Brentford,Premier League,26,1996,14.7,64,51,58,69,69
607,1670,Neal Maupay (Everton),FRA,FW,Everton,Premier League,26,1996,1.2,0,0,10,12,18
608,1671,Aïman Maurer (Clermont Foot),MAR,"MF,FW",Clermont Foot,Ligue 1,18,2004,0.6,18,21,10,12,18
609,1675,Eric Maxim Choupo-Moting (Bayern Munich),CMR,"MF,FW",Bayern Munich,Bundesliga,34,1989,8,70,79,60,35,71
610,1678,Borja Mayoral (Getafe),ESP,FW,Getafe,La Liga,26,1997,23.9,73,72,64,76,67
611,1679,Senny Mayulu (Paris S-G),FRA,"FW,MF",Paris S-G,Ligue 1,17,2006,3.6,33,37,24,24,34
612,1680,Youssef Maziz (Metz),FRA,"FW,MF",Metz,Ligue 1,25,1998,1.4,18,21,16,24,0
613,1688,Kylian Mbappé (Paris S-G),FRA,FW,Paris S-G,Ligue 1,24,1998,24,98,98,97,96,99
614,1689,Malick Mbaye (Metz),SEN,"MF,FW",Metz,Ligue 1,19,2004,1.7,9,14,34,32,27
615,1693,Bryan Mbeumo (Brentford),CMR,FW,Brentford,Premier League,23,1999,21.8,89,82,90,91,93
616,1694,Christ Mbondi (Reims),FRA,FW,Reims,Ligue 1,18,2004,0,0,0,0,0,0
617,1695,Jordi Mboula (Hellas Verona),ESP,"FW,MF",Hellas Verona,Serie A,24,1999,3.4,23,21,38,18,45
618,1696,Nathanael Mbuku (Augsburg),FRA,FW,Augsburg,Bundesliga,21,2002,0.1,9,0,10,0,18
619,1697,James Mcatee (Sheffield Utd),ENG,"MF,FW",Sheffield Utd,Premier League,20,2002,20.2,91,88,83,80,79
620,1699,Oliver McBurnie (Sheffield Utd),SCO,FW,Sheffield Utd,Premier League,27,1996,14.2,44,41,28,49,39
621,1701,John McGinn (Aston Villa),SCO,"MF,FW",Aston Villa,Premier League,28,1994,33.3,93,96,85,87,64
622,1704,Dwight McNeil (Everton),ENG,"MF,FW",Everton,Premier League,23,1999,32.1,85,86,91,95,73
623,1705,Scott McTominay (Manchester Utd),SCO,"MF,FW",Manchester Utd,Premier League,26,1996,21.1,49,47,66,68,39
624,1711,Hannibal Mejbri (Manchester Utd),TUN,"MF,FW",Manchester Utd,Premier League,20,2003,1.5,23,21,16,0,0
625,1713,Óscar Melendo (Granada),ESP,"MF,FW",Granada,La Liga,25,1997,12.5,52,56,58,64,0
626,1714,Gonzalo Melero (Almería),ESP,"MF,FW",Almería,La Liga,29,1994,12.3,45,44,60,49,34
627,1717,Memphis (Atlético Madrid),NED,FW,Atlético Madrid,La Liga,29,1994,9.9,67,72,50,49,55
628,1721,Brais Méndez (Real Sociedad),ESP,"MF,FW",Real Sociedad,La Liga,26,1997,26.8,81,80,77,85,75
629,1741,Omenuke Mfulu (Las Palmas),COD,"MF,FW",Las Palmas,La Liga,29,1994,0.9,9,14,10,12,0
630,1742,Lucas Michal (Monaco),FRA,FW,Monaco,Ligue 1,18,2005,0.1,0,0,10,0,0
631,1743,Sven Michel (Augsburg),GER,"FW,MF",Augsburg,Bundesliga,33,1990,6.5,50,53,28,24,39
632,1744,Miguel (Alavés),ESP,"FW,MF",Alavés,La Liga,23,1999,0.7,0,0,10,0,18
633,1745,Georges Mikautadze (Metz),GEO,FW,Metz,Ligue 1,22,2000,19.4,93,92,81,81,85
634,1748,Arkadiusz Milik (Juventus),POL,FW,Juventus,Serie A,29,1994,10.2,33,37,43,41,34
635,1752,Enzo Millot (Stuttgart),FRA,"MF,FW",Stuttgart,Bundesliga,21,2002,24.9,91,94,78,85,73
636,1754,Jovan Milošević (Stuttgart),SRB,"FW,MF",Stuttgart,Bundesliga,18,2005,0.3,14,21,10,18,0
637,1755,Marko Milovanović (Almería),SRB,"FW,MF",Almería,La Liga,19,2003,3.4,21,14,16,12,18
638,1764,Rafa Mir (Sevilla),ESP,"FW,MF",Sevilla,La Liga,26,1997,4.3,26,21,20,18,34
639,1766,Aleksei Miranchuk (Atalanta),RUS,"MF,FW",Atalanta,Serie A,27,1995,13.1,77,70,76,81,64
640,1773,Kaoru Mitoma (Brighton),JPN,FW,Brighton,Premier League,26,1997,16.5,92,91,97,92,98
641,1774,Aleksandar Mitrović (Fulham),SRB,FW,Fulham,Premier League,28,1994,0.4,18,28,0,0,0
642,1775,Stefan Mitrović (Hellas Verona),SRB,"FW,MF",Hellas Verona,Serie A,20,2002,4.3,40,41,45,41,27
643,1782,Terem Moffi (Nice),NGA,FW,Nice,Ligue 1,24,1999,21.7,64,74,62,69,69
644,1783,Mostafa Mohamed (Nantes),EGY,FW,Nantes,Ligue 1,25,1997,22.2,66,65,60,62,64
645,1784,Dion Moise Sahi (Strasbourg),CIV,"MF,FW",Strasbourg,Ligue 1,21,2001,7,38,33,45,47,39
646,1786,Alberto Moleiro (Las Palmas),ESP,"FW,MF",Las Palmas,La Liga,19,2003,20,95,97,92,96,85
647,1788,Florent Mollet (Nantes),FRA,"MF,FW",Nantes,Ligue 1,31,1991,23.1,66,61,64,78,62
648,1795,Kieffer Moore (Bournemouth),WAL,"FW,MF",Bournemouth,Premier League,30,1992,1.2,18,14,16,0,0
649,1797,Álvaro Morata (Atlético Madrid),ESP,FW,Atlético Madrid,La Liga,30,1992,21.2,67,70,59,53,78
650,1798,Diego Moreira (Lyon),POR,"FW,MF",Lyon,Ligue 1,18,2004,3,32,21,38,32,34
651,1801,Gerard Moreno (Villarreal),ESP,FW,Villarreal,La Liga,31,1992,24.6,90,93,79,85,84
652,1804,Ilaix Moriba (Getafe),GUI,"MF,FW",Getafe,La Liga,20,2003,6.7,40,33,34,41,27
653,1807,Carlton Morris (Luton Town),ENG,"FW,MF",Luton Town,Premier League,27,1995,31.8,80,87,73,79,79
654,1810,Dany Mota (Monza),POR,"FW,MF",Monza,Serie A,25,1998,22.8,77,68,96,99,91
655,1811,Lebo Mothiba (Strasbourg),RSA,FW,Strasbourg,Ligue 1,27,1996,6.9,23,33,34,35,45
656,1812,Youssoufa Moukoko (Dortmund),GER,FW,Dortmund,Bundesliga,18,2004,6.9,53,56,50,41,64
657,1813,Steve Mounié (Brest),BEN,FW,Brest,Ligue 1,28,1994,19.7,45,56,59,69,50
658,1814,Mason Mount (Manchester Utd),ENG,"MF,FW",Manchester Utd,Premier League,24,1999,5.7,37,33,36,32,27
659,1817,Divin Mubama (West Ham),ENG,FW,West Ham,Premier League,18,2004,0.9,0,0,0,12,0
660,1818,Mykhailo Mudryk (Chelsea),UKR,FW,Chelsea,Premier League,22,2001,17.5,89,91,93,92,93
661,1821,Samuele Mulattieri (Sassuolo),ITA,"FW,MF",Sassuolo,Serie A,22,2000,5.1,43,33,34,41,55
662,1826,Thomas Müller (Bayern Munich),GER,"MF,FW",Bayern Munich,Bundesliga,33,1989,18.4,49,56,74,82,62
663,1829,Iker Muniain (Athletic Club),ESP,"MF,FW",Athletic Club,La Liga,30,1992,6.6,61,61,54,53,39
664,1830,Rodrigo Muniz (Fulham),BRA,FW,Fulham,Premier League,22,2001,17.7,48,37,34,28,39
665,1832,Álvaro Muñoz (Real Madrid),URU,FW,Real Madrid,La Liga,19,2004,0,14,21,0,12,0
666,1838,Luis Muriel (Atalanta),COL,"FW,MF",Atalanta,Serie A,32,1991,4.5,50,44,56,59,45
667,1840,Vedat Muriqi (Mallorca),KVX,FW,Mallorca,La Liga,29,1994,25.9,57,61,57,59,59
668,1841,Alex Murphy (Newcastle Utd),IRL,"DF,FW",Newcastle Utd,Premier League,19,2004,0.1,0,0,0,0,0
669,1842,Jacob Murphy (Newcastle Utd),ENG,"FW,DF",Newcastle Utd,Premier League,28,1995,13.2,57,61,70,74,75
670,1843,Yunus Musah (Milan),USA,"MF,FW",Milan,Serie A,20,2002,16.4,75,78,79,84,50
671,1844,Jamal Musiala (Bayern Munich),GER,"MF,FW",Bayern Munich,Bundesliga,20,2003,19.5,99,99,95,94,91
672,1845,Florent Muslija (Freiburg),KVX,"MF,FW",Freiburg,Bundesliga,25,1998,1.2,14,14,28,18,27
673,1847,Kingstone Mutandwa (Cagliari),ZAM,"FW,MF",Cagliari,Serie A,20,2003,0.4,18,14,10,12,0
674,1849,Joel Mvuka (Lorient),NOR,"DF,FW",Lorient,Ligue 1,20,2002,2.2,38,28,24,24,0
675,1850,Junior Mwanga (Strasbourg),FRA,"MF,FW",Strasbourg,Ligue 1,20,2003,16.1,75,83,65,65,50
676,1856,Nathan N'Goumou (Gladbach),FRA,"FW,MF",Gladbach,Bundesliga,23,2000,15.4,81,75,81,84,87
677,1859,Bilal Nadir (Marseille),FRA,"MF,FW",Marseille,Ligue 1,19,2003,1.3,14,14,20,24,18
678,1862,Keito Nakamura (Reims),JPN,"FW,MF",Reims,Ligue 1,23,2000,15.3,63,74,79,71,78
679,1867,Roberto Navarro (Cádiz),ESP,"MF,FW",Cádiz,La Liga,21,2002,21,95,96,91,96,75
680,1872,Bassirou Ndiaye (Lorient),SEN,FW,Lorient,Ligue 1,21,2002,1.7,28,21,10,18,0
681,1873,Iliman Ndiaye (Marseille),SEN,"FW,MF",Marseille,Ligue 1,23,2000,18,89,93,81,79,75
682,1875,Rassoul Ndiaye (Le Havre),SEN,"MF,FW",Le Havre,Ligue 1,21,2001,5.8,40,47,31,41,0
683,1876,Michael Ndiweni (Newcastle Utd),ENG,FW,Newcastle Utd,Premier League,19,2003,0,0,0,0,0,0
684,1878,Dan Ndoye (Bologna),SUI,"FW,MF",Bologna,Serie A,22,2000,19.7,92,88,93,92,90
685,1881,Álvaro Negredo (Cádiz),ESP,"FW,MF",Cádiz,La Liga,37,1985,0.6,14,21,0,0,0
686,1882,Reiss Nelson (Arsenal),ENG,FW,Arsenal,Premier League,23,1999,3,28,14,36,32,39
687,1885,Pedro Neto (Wolves),POR,"FW,MF",Wolves,Premier League,23,2000,16.8,91,90,95,95,95
688,1890,Jessic Ngankam (Mainz 05),GER,"FW,MF",Mainz 05,Bundesliga,23,2000,2,28,37,20,24,39
689,1891,Jessic Ngankam (Eint Frankfurt),GER,FW,Eint Frankfurt,Bundesliga,23,2000,3.1,30,28,16,18,18
690,1892,Cyril Ngonge (Hellas Verona),BEL,"FW,MF",Hellas Verona,Serie A,23,2000,15.9,85,84,82,76,80
691,1893,Cyril Ngonge (Napoli),BEL,FW,Napoli,Serie A,23,2000,3.5,43,47,54,44,50
692,1894,Steve Ngoura (Le Havre),FRA,"FW,MF",Le Havre,Ligue 1,18,2005,2.5,21,28,20,24,18
693,1896,M'Baye Niang (Empoli),SEN,FW,Empoli,Serie A,28,1994,7.9,43,37,45,41,64
694,1898,Shamar Nicholson (Clermont Foot),JAM,FW,Clermont Foot,Ligue 1,26,1997,16.5,56,47,54,59,73
695,1903,Justin Njinmah (Werder Bremen),GER,FW,Werder Bremen,Bundesliga,22,2000,11.3,85,82,72,74,82
696,1904,Eddie Nketiah (Arsenal),ENG,FW,Arsenal,Premier League,24,1999,12,60,47,59,52,67
697,1906,Christopher Nkunku (Chelsea),FRA,"FW,MF",Chelsea,Premier League,25,1997,4.9,30,21,38,35,27
698,1908,Lukas Nmecha (Wolfsburg),GER,FW,Wolfsburg,Bundesliga,24,1998,0.5,0,0,0,12,0
699,1912,Arnaud Nordin (Montpellier),FRA,"FW,MF",Montpellier,Ligue 1,25,1998,13.8,80,88,84,88,87
700,1915,Tijjani Noslin (Hellas Verona),NED,"FW,MF",Hellas Verona,Serie A,24,1999,14.9,55,47,66,68,71
701,1916,Randy Nteka (Rayo Vallecano),ANG,"FW,MF",Rayo Vallecano,La Liga,25,1997,6.4,44,44,43,38,50
702,1917,Ernest Nuamah (Lyon),GHA,"FW,MF",Lyon,Ligue 1,19,2003,20.4,96,95,95,96,93
703,1922,Darwin Núñez (Liverpool),URU,FW,Liverpool,Premier League,24,1999,22.7,74,65,85,81,93
704,1925,Ethan Nwaneri (Arsenal),ENG,FW,Arsenal,Premier League,16,2007,0.2,9,0,16,18,0
705,1926,Simeon Nwankwo (Salernitana),NGA,FW,Salernitana,Serie A,31,1992,7.6,14,14,28,24,50
706,1929,Rabby Nzingoula (Strasbourg),CGO,"MF,FW",Strasbourg,Ligue 1,17,2005,1.5,21,21,20,24,18
707,1930,M'Bala Nzola (Fiorentina),ANG,FW,Fiorentina,Serie A,26,1996,17.2,60,63,58,57,64
708,1933,Mark O'Mahony (Brighton),IRL,FW,Brighton,Premier League,18,2005,0.7,0,0,0,0,0
709,1935,Michael Obafemi (Burnley),IRL,"FW,MF",Burnley,Premier League,23,2000,0.2,18,28,0,0,0
710,1939,Brian Ocampo (Cádiz),URU,"MF,FW",Cádiz,La Liga,24,1999,2.8,48,53,54,57,18
711,1940,Lucas Ocampos (Sevilla),ARG,"FW,MF",Sevilla,La Liga,29,1994,31.9,97,95,97,98,92
712,1942,Jens Odgaard (Bologna),DEN,"FW,MF",Bologna,Serie A,24,1999,4.8,37,33,36,24,50
713,1943,Wilson Odobert (Burnley),FRA,"MF,FW",Burnley,Premier League,18,2004,23.3,95,96,95,92,96
714,1950,Noah Okafor (Milan),SUI,"FW,MF",Milan,Serie A,23,2000,9.9,63,63,66,49,73
715,1951,David Okereke (Torino),NGA,"FW,MF",Torino,Serie A,25,1997,2.8,26,14,34,12,55
716,1954,Masaya Okugawa (Augsburg),JPN,"FW,DF",Augsburg,Bundesliga,27,1996,0.4,9,0,0,12,0
717,1956,Aingeru Olabarrieta (Athletic Club),ESP,FW,Athletic Club,La Liga,17,2005,0.1,0,0,10,0,0
718,1957,Michael Olakigbe (Brentford),ENG,"DF,FW",Brentford,Premier League,19,2004,0.7,35,28,38,32,34
719,1960,Mathias Olesen (Köln),LUX,"MF,FW",Köln,Bundesliga,22,2001,1.2,9,14,16,12,0
720,1961,Michael Olise (Crystal Palace),FRA,"FW,MF",Crystal Palace,Premier League,21,2001,14.2,90,91,88,89,88
721,1969,Samu Omorodion (Alavés),ESP,FW,Alavés,La Liga,19,2004,21.3,80,78,67,61,85
722,1970,Samu Omorodion (Granada),ESP,FW,Granada,La Liga,19,2004,0.9,0,0,0,0,0
723,1974,Ryan One (Sheffield Utd),SCO,FW,Sheffield Utd,Premier League,17,2006,0.1,0,0,10,12,0
724,1975,Karim Onisiwo (Mainz 05),AUT,"FW,MF",Mainz 05,Bundesliga,31,1992,16.6,74,74,63,62,62
725,1979,Loïs Openda (RB Leipzig),BEL,FW,RB Leipzig,Bundesliga,23,2000,30,84,75,91,77,93
726,1980,Royce Openda Owaga (Lorient),GAB,FW,Lorient,Ligue 1,21,2002,0.2,14,14,0,0,0
727,1982,Leon Opitz (Werder Bremen),GER,"FW,DF",Werder Bremen,Bundesliga,18,2005,0.2,14,14,10,12,18
728,1983,Gift Orban (Lyon),NGA,FW,Lyon,Ligue 1,21,2002,5.3,38,37,34,28,59
729,1986,Divock Origi (Nott'ham Forest),BEL,FW,Nott'ham Forest,Premier League,28,1995,6.7,53,51,56,44,62
730,1987,Gaetano Oristanio (Cagliari),ITA,"FW,MF",Cagliari,Serie A,20,2002,12.3,82,88,62,66,62
731,1989,Riccardo Orsolini (Bologna),ITA,"FW,MF",Bologna,Serie A,26,1997,19.9,88,87,81,81,84
732,1995,Victor Osimhen (Napoli),NGA,FW,Napoli,Serie A,24,1998,22,71,68,71,71,75
733,1998,William Osula (Sheffield Utd),DEN,FW,Sheffield Utd,Premier League,19,2003,8.7,44,28,31,41,34
734,1999,Dango Ouattara (Bournemouth),BFA,"FW,DF",Bournemouth,Premier League,21,2002,13.7,75,76,78,71,79
735,2000,Kassoum Ouattara (Monaco),FRA,"DF,FW",Monaco,Ligue 1,18,2004,7.1,47,47,69,61,59
736,2001,Remi Oudin (Lecce),FRA,"MF,FW",Lecce,Serie A,26,1996,20.2,35,33,56,66,34
737,2004,Adam Ounas (Lille),ALG,FW,Lille,Ligue 1,26,1996,4.6,55,68,57,52,59
738,2005,Patrick Ouotro (Strasbourg),CIV,FW,Strasbourg,Ligue 1,17,2005,0.1,0,0,10,0,0
739,2008,Mikel Oyarzabal (Real Sociedad),ESP,"FW,MF",Real Sociedad,La Liga,26,1997,24,59,53,64,66,64
740,2015,Gonçalo Paciência (Bochum),POR,"FW,MF",Bochum,Bundesliga,28,1994,7.2,57,58,36,35,34
741,2020,Isaac Palazón Camacho (Rayo Vallecano),ESP,"MF,FW",Rayo Vallecano,La Liga,28,1994,31,90,89,75,92,55
742,2023,Cole Palmer (Chelsea),ENG,"FW,MF",Chelsea,Premier League,21,2002,29,93,96,97,96,96
743,2026,Joaquín Panichelli (Alavés),ARG,"FW,MF",Alavés,La Liga,20,2002,2.5,9,0,20,0,18
744,2029,Christos Papadopoulos (Genoa),GRE,FW,Genoa,Serie A,18,2004,0,0,0,0,0,0
745,2033,Lucas Paquetá (West Ham),BRA,"FW,MF",West Ham,Premier League,25,1997,29.1,88,92,71,85,69
746,2034,Victor Parada (Alavés),ESP,"FW,MF",Alavés,La Liga,21,2002,0,0,0,0,0,0
747,2036,Kevin Paredes (Wolfsburg),USA,"FW,MF",Wolfsburg,Bundesliga,20,2003,15.9,71,63,71,71,59
748,2040,Ben Parkinson (Newcastle Utd),ENG,FW,Newcastle Utd,Premier League,18,2005,0.3,0,0,0,0,0
749,2044,Pascu (Villarreal),ESP,FW,Villarreal,La Liga,20,2003,0.2,9,14,0,0,0
750,2054,Leonardo Pavoletti (Cagliari),ITA,FW,Cagliari,Serie A,34,1988,7,0,0,10,0,18
751,2056,Nicolás Paz (Real Madrid),ARG,"MF,FW",Real Madrid,La Liga,18,2004,0.3,14,0,20,24,0
752,2062,Pedri (Barcelona),ESP,"MF,FW",Barcelona,La Liga,20,2002,16.4,68,68,76,86,55
753,2063,Pedro (Lazio),ESP,"FW,MF",Lazio,Serie A,36,1987,9.1,63,63,68,77,39
754,2065,Jordan Pefok (Gladbach),USA,FW,Gladbach,Bundesliga,27,1996,15.8,38,28,26,28,27
755,2066,Jordan Pefok (Union Berlin),USA,FW,Union Berlin,Bundesliga,27,1996,0.3,0,0,0,0,0
756,2067,Dženan Pejčinović (Wolfsburg),GER,FW,Wolfsburg,Bundesliga,18,2005,0.4,0,0,10,0,0
757,2068,Pietro Pellegri (Torino),ITA,FW,Torino,Serie A,22,2001,8.4,42,37,46,57,27
758,2071,Facundo Pellistri (Manchester Utd),URU,"FW,MF",Manchester Utd,Premier League,21,2001,1.9,35,37,28,38,39
759,2072,Facundo Pellistri (Granada),URU,"MF,FW",Granada,La Liga,21,2001,13.7,58,58,70,56,71
760,2075,Faris Pemi Moumbagna (Marseille),CMR,FW,Marseille,Ligue 1,23,2000,6.1,28,14,28,28,39
761,2078,Rubén Peña (Osasuna),ESP,"DF,FW",Osasuna,La Liga,32,1991,23.2,87,89,86,86,62
762,2079,Pepín (Monza),EQG,"MF,FW",Monza,Serie A,26,1996,2.7,21,14,10,24,0
763,2080,Alberto Perea (Granada),ESP,"MF,FW",Granada,La Liga,32,1990,0,9,0,0,0,0
764,2083,Mathias Pereira Lage (Brest),POR,"FW,MF",Brest,Ligue 1,26,1996,13.2,58,47,56,56,34
765,2086,Roberto Pereyra (Udinese),ARG,"FW,MF",Udinese,Serie A,32,1991,20.6,71,68,75,66,59
766,2087,Ayoze Pérez (Betis),ESP,FW,Betis,La Liga,30,1993,25.5,95,95,93,90,95
767,2089,Francisco Perez (Valencia),ESP,"MF,FW",Valencia,La Liga,20,2002,22.8,93,91,85,76,78
768,2090,Kike Pérez (Rayo Vallecano),ESP,"MF,FW",Rayo Vallecano,La Liga,26,1997,9.3,64,51,52,47,34
769,2092,Matteo Perez Vinlöf (Bayern Munich),SWE,FW,Bayern Munich,Bundesliga,17,2005,0.2,9,0,0,0,0
770,2096,Ivan Perišić (Tottenham),CRO,FW,Tottenham,Premier League,34,1989,1.1,28,33,48,32,50
771,2097,Romain Perraud (Nice),FRA,"DF,FW",Nice,Ligue 1,25,1997,4.1,28,21,28,35,18
772,2102,Andrea Petagna (Cagliari),ITA,FW,Cagliari,Serie A,28,1995,11.1,44,56,40,41,34
773,2104,Njegoš Petrović (Granada),SRB,"MF,FW",Granada,La Liga,24,1999,1.7,23,28,20,12,0
774,2106,Jens Petter Hauge (Eint Frankfurt),NOR,"MF,FW",Eint Frankfurt,Bundesliga,23,1999,1.6,26,21,31,24,34
775,2109,Luca Pfeiffer (Darmstadt 98),GER,"FW,MF",Darmstadt 98,Bundesliga,26,1996,18,49,44,48,56,27
776,2111,Maximilian Philipp (Freiburg),GER,"FW,MF",Freiburg,Bundesliga,29,1994,3.6,9,0,20,28,27
777,2114,Jaden Philogene Bidace (Aston Villa),ENG,FW,Aston Villa,Premier League,21,2002,0,0,0,16,12,18
778,2116,Roberto Piccoli (Empoli),ITA,FW,Empoli,Serie A,22,2001,0.4,9,0,0,0,0
779,2117,Roberto Piccoli (Lecce),ITA,FW,Lecce,Serie A,22,2001,15.3,65,61,62,52,73
780,2118,Florian Pick (Heidenheim),GER,"MF,FW",Heidenheim,Bundesliga,27,1995,3.6,56,56,43,35,39
781,2121,Marvin Pieringer (Heidenheim),GER,"MF,FW",Heidenheim,Bundesliga,23,1999,16.8,58,53,65,71,69
782,2122,Santiago Pierotti (Lecce),ARG,"MF,FW",Lecce,Serie A,22,2001,2.2,35,44,24,24,39
783,2125,Andrea Pinamonti (Sassuolo),ITA,FW,Sassuolo,Serie A,24,1999,34.2,61,58,52,49,75
784,2127,Yeremi Pino (Villarreal),ESP,"MF,FW",Villarreal,La Liga,20,2002,5.3,44,51,40,32,59
785,2131,Alassane Pléa (Gladbach),FRA,"FW,MF",Gladbach,Bundesliga,30,1993,21.3,79,76,84,87,82
786,2135,Matteo Politano (Napoli),ITA,FW,Napoli,Serie A,29,1993,26.2,90,87,97,98,83
787,2136,Sebastian Polter (Darmstadt 98),GER,FW,Darmstadt 98,Bundesliga,32,1991,5,23,21,26,12,18
788,2141,Portu (Getafe),ESP,FW,Getafe,La Liga,31,1992,1.1,18,0,20,28,0
789,2142,Portu (Girona),ESP,"MF,FW",Girona,La Liga,31,1992,13.2,47,33,69,77,64
790,2144,Yussuf Poulsen (RB Leipzig),DEN,FW,RB Leipzig,Bundesliga,29,1994,13.5,50,58,40,47,45
791,2149,Abdón Prats (Mallorca),ESP,"FW,MF",Mallorca,La Liga,30,1992,14.1,45,47,36,44,45
792,2155,Antonio Puertas (Granada),ESP,"MF,FW",Granada,La Liga,31,1992,8.1,61,65,54,62,55
793,2156,Arnau Puigmal (Almería),ESP,"FW,DF",Almería,La Liga,22,2001,2.8,28,21,24,24,0
794,2157,Christian Pulisic (Milan),USA,"FW,MF",Milan,Serie A,24,1998,28.9,96,94,98,95,96
795,2158,George Pușcaș (Genoa),ROU,FW,Genoa,Serie A,27,1996,2.1,18,14,26,32,34
796,2163,Nemanja Radonjić (Torino),SRB,"MF,FW",Torino,Serie A,27,1996,4.2,52,53,40,24,50
797,2169,Abdellah Raihani (Atlético Madrid),MAR,FW,Atlético Madrid,La Liga,19,2004,0.1,0,0,0,0,0
798,2171,Luca Raimund (Stuttgart),GER,"FW,MF",Stuttgart,Bundesliga,18,2005,0.3,0,0,0,0,0
799,2173,Jesurun Rak Sakyi (Crystal Palace),ENG,"MF,FW",Crystal Palace,Premier League,20,2002,1.5,33,33,31,24,45
800,2176,Largie Ramazani (Almería),BEL,"FW,MF",Almería,La Liga,22,2001,17.3,87,87,85,85,88
801,2177,Benito Ramírez (Las Palmas),ESP,"FW,MF",Las Palmas,La Liga,28,1995,4.3,35,21,45,41,45
802,2178,Sandro Ramírez (Las Palmas),ESP,FW,Las Palmas,La Liga,28,1995,20.1,79,78,85,74,90
803,2179,Chris Ramos (Cádiz),ESP,"FW,MF",Cádiz,La Liga,26,1997,29,85,72,68,71,82
804,2180,Gonçalo Ramos (Paris S-G),POR,FW,Paris S-G,Ligue 1,22,2001,15.8,49,47,40,47,64
805,2183,Aaron Ramsey (Burnley),ENG,"MF,FW",Burnley,Premier League,20,2003,5.9,33,28,34,32,39
806,2184,Jacob Ramsey (Aston Villa),ENG,"FW,MF",Aston Villa,Premier League,22,2001,9.5,48,47,70,64,67
807,2187,Grant Ranos (Gladbach),ARM,"MF,FW",Gladbach,Bundesliga,20,2003,0.5,18,14,0,12,0
808,2188,Raphinha (Barcelona),BRA,"FW,MF",Barcelona,La Liga,26,1996,15.2,75,80,80,68,84
809,2190,Elba Rashani (Clermont Foot),KVX,"MF,FW",Clermont Foot,Ligue 1,30,1993,13.1,75,70,56,59,50
810,2191,Marcus Rashford (Manchester Utd),ENG,FW,Manchester Utd,Premier League,25,1997,25.2,94,95,94,90,98
811,2192,Giacomo Raspadori (Napoli),ITA,"FW,MF",Napoli,Serie A,23,2000,17.6,60,63,66,62,69
812,2194,Raúl (Osasuna),ESP,FW,Osasuna,La Liga,22,2000,15.1,49,41,50,49,55
813,2199,Abderrahman Rebbach (Alavés),ALG,"FW,MF",Alavés,La Liga,24,1998,8,58,53,71,57,79
814,2200,Nathan Redmond (Burnley),ENG,"FW,MF",Burnley,Premier League,29,1994,1.6,26,33,31,32,18
815,2204,Bobby Reid (Fulham),JAM,FW,Fulham,Premier League,30,1993,15.8,55,47,71,62,67
816,2207,Reinier (Frosinone),BRA,"MF,FW",Frosinone,Serie A,21,2002,11.8,45,51,38,38,18
817,2211,Mateo Retegui (Genoa),ITA,FW,Genoa,Serie A,24,1999,24.6,67,63,54,52,59
818,2212,Marco Reus (Dortmund),GER,"MF,FW",Dortmund,Bundesliga,34,1989,17.8,49,47,68,80,55
819,2214,Gio Reyna (Nott'ham Forest),USA,"FW,MF",Nott'ham Forest,Premier League,20,2002,2.6,28,28,20,18,27
820,2215,Gio Reyna (Dortmund),USA,"MF,FW",Dortmund,Bundesliga,20,2002,3.1,30,37,34,35,27
821,2218,Rodrigo Ribeiro (Nott'ham Forest),POR,"MF,FW",Nott'ham Forest,Premier League,18,2005,0.2,9,0,16,12,0
822,2223,Richarlison (Tottenham),BRA,FW,Tottenham,Premier League,26,1997,16.6,67,53,63,49,78
823,2224,Marco Richter (Mainz 05),GER,"MF,FW",Mainz 05,Bundesliga,25,1997,8,67,68,57,49,62
824,2228,Jaïro Riedewald (Crystal Palace),NED,"MF,FW",Crystal Palace,Premier League,26,1996,2.6,18,14,20,0,27
825,2230,Luis Rioja (Alavés),ESP,"FW,MF",Alavés,La Liga,29,1993,27.8,86,92,89,90,79
826,2235,Matt Ritchie (Newcastle Utd),SCO,"FW,MF",Newcastle Utd,Premier League,33,1989,1.4,14,0,26,32,27
827,2245,Sergio Rodelas (Granada),ESP,"FW,DF",Granada,La Liga,18,2004,1.4,26,21,20,24,18
828,2247,Rodri (Betis),ESP,"FW,MF",Betis,La Liga,23,2000,11.7,80,80,80,77,73
829,2248,Óscar Rodríguez Arnaiz (Getafe),ESP,"MF,FW",Getafe,La Liga,25,1998,10.7,61,63,45,71,39
830,2252,Jay Rodriguez (Burnley),ENG,FW,Burnley,Premier League,34,1989,9.1,32,41,16,24,18
831,2256,Rodrygo (Real Madrid),BRA,FW,Real Madrid,La Liga,22,2001,26.4,98,98,99,100,100
832,2259,Morgan Rogers (Aston Villa),ENG,"MF,FW",Aston Villa,Premier League,21,2002,7.1,64,70,59,49,50
833,2260,Merlin Röhl (Freiburg),GER,"MF,FW",Freiburg,Bundesliga,21,2002,16.4,72,76,77,83,64
834,2265,Luka Romero (Milan),ARG,"FW,MF",Milan,Serie A,18,2004,1,18,14,24,18,0
835,2266,Luka Romero (Almería),ARG,FW,Almería,La Liga,18,2004,4.9,43,44,40,52,18
836,2272,Vitor Roque (Barcelona),BRA,FW,Barcelona,La Liga,18,2005,3.6,42,33,43,35,50
837,2289,Aitor Ruibal (Betis),ESP,"DF,FW",Betis,La Liga,27,1996,11.3,74,83,59,57,62
838,2296,Emmanuel Sabbi (Le Havre),USA,"FW,MF",Le Havre,Ligue 1,25,1997,17.6,82,75,74,59,77
839,2300,Dominic Sadi (Bournemouth),ENG,FW,Bournemouth,Premier League,19,2003,0,0,0,0,0,0
840,2301,Umar Sadiq (Real Sociedad),NGA,FW,Real Sociedad,La Liga,26,1997,12,77,87,54,49,64
841,2302,Alexis Saelemaekers (Bologna),BEL,"FW,MF",Bologna,Serie A,24,1999,21,94,91,87,89,78
842,2304,Wesley Saïd (Lens),FRA,"FW,MF",Lens,Ligue 1,28,1995,11.3,49,61,54,57,55
843,2306,Bukayo Saka (Arsenal),ENG,FW,Arsenal,Premier League,21,2001,32.4,96,95,99,96,99
844,2308,Ibrahim Salah (Rennes),MAR,"FW,MF",Rennes,Ligue 1,21,2001,5.8,59,56,48,61,27
845,2309,Mohamed Salah (Liverpool),EGY,FW,Liverpool,Premier League,31,1992,28.2,88,83,95,92,99
846,2310,Amine Salama (Reims),FRA,FW,Reims,Ligue 1,23,2000,3.5,40,53,38,28,34
847,2314,Roland Sallai (Freiburg),HUN,"MF,FW",Freiburg,Bundesliga,26,1997,20.4,80,76,78,84,75
848,2320,Mama Samba Baldé (Lyon),GNB,"FW,MF",Lyon,Ligue 1,27,1995,6.1,58,58,60,44,75
849,2325,Antonio Sanabria (Torino),PAR,"FW,MF",Torino,Serie A,27,1996,23.7,63,63,56,59,39
850,2329,Alexis Sánchez (Inter),CHI,"FW,MF",Inter,Serie A,34,1988,8.5,50,58,50,59,39
851,2335,Jadon Sancho (Manchester Utd),ENG,"FW,MF",Manchester Utd,Premier League,23,2000,0.9,28,28,38,32,45
852,2336,Jadon Sancho (Dortmund),ENG,"FW,MF",Dortmund,Bundesliga,23,2000,10.5,86,89,85,83,90
853,2338,Ibou Sané (Metz),SEN,"MF,FW",Metz,Ligue 1,18,2005,1.4,28,28,28,18,34
854,2339,Leroy Sané (Bayern Munich),GER,FW,Bayern Munich,Bundesliga,27,1996,23.7,99,100,97,99,96
855,2344,Nicola Sansone (Lecce),ITA,"FW,MF",Lecce,Serie A,31,1991,8.5,53,56,48,47,50
856,2351,Riccardo Saponara (Hellas Verona),ITA,"FW,MF",Hellas Verona,Serie A,31,1991,3.8,32,33,43,44,34
857,2352,Pablo Sarabia (Wolves),ESP,"MF,FW",Wolves,Premier League,31,1992,19.4,73,70,76,91,62
858,2353,Amin Sarr (Lyon),SWE,"FW,MF",Lyon,Ligue 1,22,2001,1.1,18,21,20,12,27
859,2354,Amin Sarr (Wolfsburg),SWE,"FW,MF",Wolfsburg,Bundesliga,22,2001,4.3,35,21,20,32,0
860,2356,Ismaila Sarr (Marseille),SEN,"FW,MF",Marseille,Ligue 1,25,1998,16.1,74,63,80,80,82
861,2358,Martin Satriano (Brest),URU,FW,Brest,Ligue 1,22,2001,20.7,74,76,65,68,69
862,2361,Sávio (Girona),BRA,"FW,MF",Girona,La Liga,19,2004,33.1,100,100,100,99,99
863,2366,Gianluca Scamacca (Atalanta),ITA,FW,Atalanta,Serie A,24,1999,16.1,61,65,59,66,45
864,2367,Dane Scarlett (Tottenham),ENG,FW,Tottenham,Premier League,19,2004,0.2,18,0,0,0,18
865,2368,Kevin Schade (Brentford),GER,"FW,MF",Brentford,Premier League,21,2001,3.7,40,21,34,24,45
866,2371,Patrik Schick (Leverkusen),CZE,FW,Leverkusen,Bundesliga,27,1996,11.8,55,47,31,28,45
867,2372,Stefan Schimmer (Heidenheim),GER,"MF,FW",Heidenheim,Bundesliga,29,1994,1.7,9,0,10,0,0
868,2376,Jeffrey Schlupp (Crystal Palace),GHA,"FW,MF",Crystal Palace,Premier League,30,1992,15,71,70,57,47,50
869,2377,Romano Schmid (Werder Bremen),AUT,"MF,FW",Werder Bremen,Bundesliga,23,2000,28.9,95,92,90,97,83
870,2389,Jérémy Sebas (Strasbourg),MTQ,"FW,MF",Strasbourg,Ligue 1,20,2003,4.4,45,53,45,44,55
871,2392,Demba Seck (Frosinone),SEN,"FW,MF",Frosinone,Serie A,22,2001,3.3,38,33,40,44,50
872,2397,Nikola Sekulov (Juventus),ITA,FW,Juventus,Serie A,21,2002,0.1,0,0,0,0,0
873,2398,Davie Selke (Köln),GER,FW,Köln,Bundesliga,28,1995,14.1,37,41,36,24,45
874,2402,Vivaldo Semedo (Udinese),POR,FW,Udinese,Serie A,18,2005,0.1,0,0,10,0,18
875,2403,Antoine Semenyo (Bournemouth),GHA,FW,Bournemouth,Premier League,23,2000,23.4,95,95,93,90,95
876,2408,Benjamin Šeško (RB Leipzig),SVN,FW,RB Leipzig,Bundesliga,20,2003,17,66,70,58,53,75
877,2409,Kevin Sessa (Heidenheim),GER,"MF,FW",Heidenheim,Bundesliga,23,2000,11.2,56,58,66,66,50
878,2410,Aaron Seydel (Darmstadt 98),GER,FW,Darmstadt 98,Bundesliga,27,1996,6.9,35,28,31,24,34
879,2412,Stephan El Shaarawy (Roma),ITA,"FW,DF",Roma,Serie A,30,1992,19.3,79,78,78,76,83
880,2415,Eldor Shomurodov (Cagliari),UZB,"FW,MF",Cagliari,Serie A,28,1995,10.4,58,53,43,53,55
881,2416,Steven Shpendi (Empoli),ALB,"FW,MF",Empoli,Serie A,20,2003,4.6,30,21,20,12,27
882,2421,André Silva (Real Sociedad),POR,FW,Real Sociedad,La Liga,27,1995,8.1,52,41,26,32,39
883,2422,Bernardo Silva (Manchester City),POR,"MF,FW",Manchester City,Premier League,28,1994,28.6,82,90,99,97,93
884,2424,Fábio Silva (Wolves),POR,FW,Wolves,Premier League,21,2002,2.9,30,21,26,32,18
885,2429,Giovanni Simeone (Napoli),ARG,FW,Napoli,Serie A,28,1995,8.9,33,37,40,44,39
886,2430,Giuliano Simeone (Alavés),ARG,FW,Alavés,La Liga,20,2002,7,50,51,62,41,45
887,2432,Moses Simon (Nantes),NGA,"FW,MF",Nantes,Ligue 1,28,1995,19.9,91,94,99,91,97
888,2436,Luis Sinisterra (Bournemouth),COL,"FW,MF",Bournemouth,Premier League,24,1999,7.8,77,84,81,65,92
889,2439,Ayanda Sishuba (Lens),BEL,"MF,FW",Lens,Ligue 1,18,2005,0.7,38,47,31,24,50
890,2443,Tim Skarke (Darmstadt 98),GER,"FW,DF",Darmstadt 98,Bundesliga,26,1996,26.7,83,83,85,81,81
891,2448,Robert Skov (Hoffenheim),DEN,"DF,FW",Hoffenheim,Bundesliga,27,1996,14,58,51,65,64,71
892,2450,Naatan Skyttä (Toulouse),FIN,"MF,FW",Toulouse,Ligue 1,21,2002,1.3,9,14,10,0,18
893,2458,Rubén Sobrino (Cádiz),ESP,"MF,FW",Cádiz,La Liga,31,1992,18.3,71,68,64,74,45
894,2461,Alex Sola (Alavés),ESP,"FW,MF",Alavés,La Liga,24,1999,14,88,93,75,71,69
895,2463,Dominic Solanke (Bournemouth),ENG,FW,Bournemouth,Premier League,25,1997,36.9,94,91,81,71,88
896,2464,Ola Solbakken (Roma),NOR,FW,Roma,Serie A,24,1998,0.3,14,14,10,0,0
897,2467,Manor Solomon (Tottenham),ISR,FW,Tottenham,Premier League,24,1999,2.2,44,53,52,41,62
898,2474,Borna Sosa (Stuttgart),CRO,"FW,DF",Stuttgart,Bundesliga,25,1998,0.5,0,0,26,12,18
899,2476,Florian Sotoca (Lens),FRA,"MF,FW",Lens,Ligue 1,32,1990,28.9,70,75,84,96,64
900,2477,Riccardo Sottil (Fiorentina),ITA,FW,Fiorentina,Serie A,24,1999,12.3,78,76,87,84,83
901,2479,Matìas Soulé (Frosinone),ARG,"FW,MF",Frosinone,Serie A,20,2003,34.7,100,100,97,100,92
902,2481,Issa Soumaré (Le Havre),SEN,"FW,MF",Le Havre,Ligue 1,22,2000,2.6,35,28,24,32,18
903,2501,Raheem Sterling (Chelsea),ENG,"FW,MF",Chelsea,Premier League,28,1994,22,98,94,97,90,99
904,2502,Trivante Stewart (Salernitana),JAM,"FW,MF",Salernitana,Serie A,23,2000,1.1,18,21,16,18,18
905,2506,Filip Stojilković (Darmstadt 98),SUI,"FW,MF",Darmstadt 98,Bundesliga,23,2000,1.7,18,14,24,18,39
906,2509,Jørgen Strand Larsen (Celta Vigo),NOR,FW,Celta Vigo,La Liga,23,2000,31.8,87,84,70,71,87
907,2510,Gabriel Strefezza (Lecce),BRA,FW,Lecce,Serie A,26,1997,12.4,66,65,71,83,39
908,2512,Cristhian Stuani (Girona),URU,FW,Girona,La Liga,36,1986,8.9,23,14,20,12,34
909,2515,Denis Suárez (Villarreal),ESP,"MF,FW",Villarreal,La Liga,29,1994,1.5,33,37,24,12,18
910,2517,Isaac Success (Udinese),NGA,"FW,MF",Udinese,Serie A,27,1996,9.8,71,75,48,52,45
911,2520,Tomáš Suslov (Hellas Verona),SVK,"MF,FW",Hellas Verona,Serie A,21,2002,23.2,87,90,78,87,71
912,2521,Suso (Sevilla),ESP,"MF,FW",Sevilla,La Liga,29,1993,16.9,76,83,76,84,55
913,2524,Williot Swedberg (Celta Vigo),SWE,"FW,MF",Celta Vigo,La Liga,19,2004,4.9,40,44,31,35,39
914,2525,Karol Świderski (Hellas Verona),POL,"FW,MF",Hellas Verona,Serie A,26,1997,5.6,35,28,20,24,27
915,2528,Issiaga Sylla (Montpellier),GUI,"DF,FW",Montpellier,Ligue 1,29,1994,16.2,47,53,66,66,27
916,2529,Mamadou Sylla (Alavés),SEN,"FW,MF",Alavés,La Liga,29,1994,0.2,9,0,0,0,0
917,2535,Alexander Sørloth (Villarreal),NOR,FW,Villarreal,La Liga,27,1995,27.7,86,86,79,81,90
918,2536,Musa Al-Taamari (Montpellier),JOR,FW,Montpellier,Ligue 1,26,1997,21.4,95,93,91,93,96
919,2540,Yassin Tallal (Getafe),ESP,FW,Getafe,La Liga,18,2005,0,0,0,10,0,0
920,2548,Jimi Tauriainen (Chelsea),ENG,FW,Chelsea,Premier League,19,2004,0,0,0,0,0,0
921,2550,Marcus Tavernier (Bournemouth),ENG,FW,Bournemouth,Premier League,24,1999,23.5,94,93,91,99,87
922,2551,Elayis Tavsan (Hellas Verona),NED,"MF,FW",Hellas Verona,Serie A,22,2001,0.6,9,14,16,12,18
923,2553,Marciano Tchami (Almería),GNB,"FW,MF",Almería,La Liga,19,2004,0.5,0,0,10,12,0
924,2554,Loum Tchaouna (Salernitana),FRA,"FW,MF",Salernitana,Serie A,19,2003,23.3,80,68,89,88,87
925,2558,Mathys Tel (Bayern Munich),FRA,"FW,MF",Bayern Munich,Bundesliga,18,2005,11.7,85,90,77,68,90
926,2564,Filippo Terracciano (Milan),ITA,"DF,FW",Milan,Serie A,20,2003,0.8,0,0,0,18,0
927,2567,Martin Terrier (Rennes),FRA,"FW,MF",Rennes,Ligue 1,26,1997,17,70,68,65,73,62
928,2569,Benjamin Tetteh (Metz),GHA,"FW,MF",Metz,Ligue 1,26,1997,3.1,32,33,20,28,18
929,2571,Florian Thauvin (Udinese),FRA,FW,Udinese,Serie A,30,1993,19,91,89,89,91,90
930,2575,Jan Thielmann (Köln),GER,"FW,DF",Köln,Bundesliga,21,2002,17.5,57,72,78,81,67
931,2576,Denis Thomalla (Heidenheim),GER,"MF,FW",Heidenheim,Bundesliga,30,1992,5,14,21,20,18,0
932,2582,Marcus Thuram (Inter),FRA,FW,Inter,Serie A,25,1997,29.9,78,88,88,75,94
933,2583,Cheikh Tidiane Sabaly (Metz),SEN,"FW,MF",Metz,Ligue 1,24,1999,15.3,85,87,73,79,73
934,2584,Youri Tielemans (Aston Villa),BEL,"MF,FW",Aston Villa,Premier League,26,1997,18,59,65,60,74,55
935,2586,Phillip Tietz (Augsburg),GER,FW,Augsburg,Bundesliga,26,1997,26.5,71,61,56,57,55
936,2587,Steffen Tigges (Köln),GER,FW,Köln,Bundesliga,25,1998,8.1,30,33,36,32,27
937,2596,Raúl de Tomás (Rayo Vallecano),ESP,FW,Rayo Vallecano,La Liga,28,1994,14.1,74,75,40,32,39
938,2597,Tiago Tomás (Wolfsburg),POR,"FW,MF",Wolfsburg,Bundesliga,21,2002,11.5,80,76,58,53,80
939,2602,Ivan Toney (Brentford),ENG,FW,Brentford,Premier League,27,1996,16.1,52,53,60,61,71
940,2603,Pablo Torre (Girona),ESP,"MF,FW",Girona,La Liga,20,2003,7.8,47,41,62,62,39
941,2605,Ferrán Torres (Barcelona),ESP,FW,Barcelona,La Liga,23,2000,13.5,53,53,67,66,75
942,2609,Fabio Torsiello (Darmstadt 98),ITA,"FW,DF",Darmstadt 98,Bundesliga,18,2005,1.7,18,14,16,0,0
943,2614,Andros Townsend (Luton Town),ENG,"MF,FW",Luton Town,Premier League,32,1991,13.4,65,68,78,78,55
944,2616,Adama Traoré (Fulham),ESP,"FW,MF",Fulham,Premier League,27,1996,4.2,44,51,66,53,71
945,2617,Bertrand Traoré (Aston Villa),BFA,"DF,FW",Aston Villa,Premier League,27,1995,0.1,9,0,0,0,0
946,2620,Chaka Traorè (Milan),CIV,FW,Milan,Serie A,18,2004,0.2,0,0,16,12,18
947,2627,Óscar Trejo (Rayo Vallecano),ARG,"FW,MF",Rayo Vallecano,La Liga,35,1988,15.3,90,88,65,71,64
948,2628,Mike Trésor (Burnley),BEL,"FW,MF",Burnley,Premier League,24,1999,4.7,50,56,48,38,34
949,2632,Leandro Trossard (Arsenal),BEL,"FW,MF",Arsenal,Premier League,28,1994,18.3,75,81,87,86,88
950,2636,Viktor Tsyhankov (Girona),UKR,"MF,FW",Girona,La Liga,25,1997,22.8,79,78,87,89,90
951,2645,Lukas Ullrich (Gladbach),GER,"DF,FW",Gladbach,Bundesliga,19,2004,0.5,9,0,0,12,0
952,2648,Enes Ünal (Bournemouth),TUR,"FW,MF",Bournemouth,Premier League,26,1997,3.6,35,21,24,18,18
953,2649,Enes Ünal (Getafe),TUR,"FW,MF",Getafe,La Liga,26,1997,1.6,21,21,16,18,0
954,2650,Deniz Undav (Stuttgart),GER,"FW,MF",Stuttgart,Bundesliga,27,1996,23.2,78,83,77,82,81
955,2652,Kacper Urbanski (Bologna),POL,"MF,FW",Bologna,Serie A,18,2004,10.3,64,75,62,61,45
956,2653,Mark Uth (Köln),GER,"MF,FW",Köln,Bundesliga,31,1991,4.1,38,33,43,35,27
957,2654,Myrto Uzuni (Granada),ALB,FW,Granada,La Liga,28,1995,27.2,57,61,58,53,64
958,2662,Kévin Van Den Kerkhof (Metz),ALG,"FW,MF",Metz,Ligue 1,27,1996,21.3,86,87,87,95,67
959,2667,Ruben Vargas (Augsburg),SUI,"MF,FW",Augsburg,Bundesliga,24,1998,21.8,80,78,84,78,75
960,2670,Borja Vázquez (Cádiz),ESP,FW,Cádiz,La Liga,18,2005,0,0,0,0,0,0
961,2675,Gabriel Veiga (Celta Vigo),ESP,FW,Celta Vigo,La Liga,21,2002,0.2,9,0,0,0,0
962,2676,Alejo Véliz (Tottenham),ARG,FW,Tottenham,Premier League,19,2003,0.6,14,14,0,0,0
963,2677,Alejo Véliz (Sevilla),ARG,FW,Sevilla,La Liga,19,2003,0.4,0,0,0,0,0
964,2683,Simone Verdi (Torino),ITA,FW,Torino,Serie A,31,1992,0,0,0,0,0,0
965,2686,Yorbe Vertessen (Union Berlin),BEL,"FW,MF",Union Berlin,Bundesliga,22,2001,6.6,64,63,38,35,59
966,2689,Carlos Vicente (Alavés),ESP,FW,Alavés,La Liga,24,1999,12.4,70,65,60,41,64
967,2690,Nacho Vidal (Osasuna),ESP,"DF,FW",Osasuna,La Liga,28,1995,1.1,14,14,0,12,0
968,2692,Fabio Vieira (Arsenal),POR,"MF,FW",Arsenal,Premier League,23,2000,3.3,32,21,43,24,50
969,2694,Jonathan Viera (Las Palmas),ESP,"MF,FW",Las Palmas,La Liga,33,1989,6.9,50,53,63,66,45
970,2696,Emanuel Vignato (Salernitana),ITA,"MF,FW",Salernitana,Serie A,22,2000,3.5,14,14,26,32,18
971,2697,Samuele Vignato (Monza),ITA,"MF,FW",Monza,Serie A,19,2004,3.8,32,37,45,41,50
972,2698,Oscar Vilhelmsson (Darmstadt 98),SWE,"FW,MF",Darmstadt 98,Bundesliga,19,2003,15.3,45,37,50,47,59
973,2699,Toni Villa (Girona),ESP,FW,Girona,La Liga,28,1995,0.1,9,0,10,0,18
974,2700,Asier Villalibre (Athletic Club),ESP,FW,Athletic Club,La Liga,25,1997,5.7,35,33,28,32,50
975,2704,Rúben Vinagre (Hellas Verona),POR,"DF,FW",Hellas Verona,Serie A,24,1999,3.1,23,28,28,32,18
976,2705,Carlos Vinícius (Fulham),BRA,FW,Fulham,Premier League,28,1995,3.5,30,21,20,28,27
977,2706,Nicolas Viola (Cagliari),ITA,"MF,FW",Cagliari,Serie A,33,1989,13.4,68,68,59,64,59
978,2707,Alan Virginius (Lille),FRA,FW,Lille,Ligue 1,20,2003,0.8,21,21,10,0,18
979,2708,Alan Virginius (Clermont Foot),FRA,FW,Clermont Foot,Ligue 1,20,2003,10.4,48,53,59,49,64
980,2711,Vitinha (Genoa),POR,"FW,MF",Genoa,Serie A,23,2000,3.2,33,21,38,28,39
981,2712,Vitinha (Marseille),POR,FW,Marseille,Ligue 1,23,2000,10.3,65,70,48,53,62
982,2717,Dušan Vlahović (Juventus),SRB,FW,Juventus,Serie A,23,2000,25.6,73,72,72,64,81
983,2718,Nikola Vlašić (Torino),CRO,"MF,FW",Torino,Serie A,25,1997,29,76,83,88,89,67
984,2723,Kevin Volland (Union Berlin),GER,"FW,MF",Union Berlin,Bundesliga,31,1992,14.9,45,41,46,44,59
985,2724,Cristian Volpato (Sassuolo),ITA,"MF,FW",Sassuolo,Serie A,19,2003,7.2,77,81,71,71,71
986,2727,Elye Wahi (Montpellier),FRA,FW,Montpellier,Ligue 1,20,2003,0.2,9,14,10,12,18
987,2728,Elye Wahi (Lens),FRA,FW,Lens,Ligue 1,20,2003,18.8,74,70,81,71,87
988,2730,Luca Waldschmidt (Köln),GER,"MF,FW",Köln,Bundesliga,27,1996,12.7,71,72,67,65,50
989,2736,Lewis Warrington (Everton),ENG,FW,Everton,Premier League,20,2002,0,0,0,0,0,0
990,2737,Deivid Washington (Chelsea),BRA,"DF,FW",Chelsea,Premier League,18,2005,0.1,9,0,0,0,0
991,2738,Kjell-Arik Wätjen (Dortmund),GER,"MF,FW",Dortmund,Bundesliga,17,2006,1.2,21,21,20,18,0
992,2739,Ollie Watkins (Aston Villa),ENG,FW,Aston Villa,Premier League,27,1995,35.7,83,82,86,83,95
993,2740,Timothy Weah (Juventus),USA,"DF,FW",Juventus,Serie A,23,2000,14,38,37,71,64,59
994,2742,Wout Weghorst (Hoffenheim),NED,FW,Hoffenheim,Bundesliga,30,1992,22,44,28,46,57,55
995,2744,Nelson Weiper (Mainz 05),GER,"FW,MF",Mainz 05,Bundesliga,18,2005,1.4,28,21,28,18,27
996,2746,Noah Weißhaupt (Freiburg),GER,"DF,FW",Freiburg,Bundesliga,21,2001,8.4,71,47,76,74,62
997,2747,Shon Weissman (Salernitana),ISR,"FW,DF",Salernitana,Serie A,27,1996,5.5,14,0,0,12,0
998,2748,Shon Weissman (Granada),ISR,FW,Granada,La Liga,27,1996,0.9,14,14,10,12,0
999,2749,Danny Welbeck (Brighton),ENG,"FW,MF",Brighton,Premier League,32,1990,18.8,57,47,69,59,71
1000,2750,Timo Werner (Tottenham),GER,FW,Tottenham,Premier League,27,1996,9,60,58,91,74,93
1001,2751,Timo Werner (RB Leipzig),GER,"FW,MF",RB Leipzig,Bundesliga,27,1996,2.3,33,37,38,44,45
1002,2753,Ethan Wheatley (Manchester Utd),ENG,FW,Manchester Utd,Premier League,17,2006,0.2,0,0,0,0,0
1003,2759,Iñaki Williams (Athletic Club),GHA,FW,Athletic Club,La Liga,29,1994,31.6,96,95,97,96,97
1004,2761,Nico Williams (Athletic Club),ESP,FW,Athletic Club,La Liga,21,2002,25.1,100,99,99,98,98
1005,2762,Willian (Fulham),BRA,FW,Fulham,Premier League,34,1988,22.8,83,84,93,97,89
1006,2764,Callum Wilson (Newcastle Utd),ENG,FW,Newcastle Utd,Premier League,31,1992,11,63,63,40,41,71
1007,2765,Harry Wilson (Fulham),WAL,FW,Fulham,Premier League,26,1997,18,65,65,76,73,78
1008,2767,Patrick Wimmer (Wolfsburg),AUT,"FW,MF",Wolfsburg,Bundesliga,22,2001,6.5,45,47,34,41,34
1009,2768,Jonas Wind (Wolfsburg),DEN,FW,Wolfsburg,Bundesliga,24,1999,29.5,60,61,52,66,45
1010,2770,Yoane Wissa (Brentford),COD,FW,Brentford,Premier League,26,1996,27.7,78,75,77,80,81
1011,2772,Maximilian Wittek (Bochum),GER,"DF,FW",Bochum,Bundesliga,27,1995,11.9,53,53,52,44,39
1012,2775,Nick Woltemade (Werder Bremen),GER,"FW,MF",Werder Bremen,Bundesliga,21,2002,13.2,75,84,58,69,59
1013,2776,Jeong Woo-yeong (Stuttgart),KOR,"MF,FW",Stuttgart,Bundesliga,23,1999,7,47,33,60,49,50
1014,2777,Chris Wood (Nott'ham Forest),NZL,FW,Nott'ham Forest,Premier League,31,1991,20.1,44,41,50,47,55
1015,2778,Cauley Woodrow (Luton Town),ENG,"FW,MF",Luton Town,Premier League,28,1994,4.7,18,21,31,38,18
1016,2781,Xeber (Alavés),ESP,"FW,MF",Alavés,La Liga,26,1997,3.4,28,28,28,18,34
1017,2784,Lamine Yamal (Barcelona),ESP,FW,Barcelona,La Liga,16,2007,24.5,99,99,98,98,98
1018,2785,Roman Yaremchuk (Valencia),UKR,FW,Valencia,La Liga,27,1995,10.3,40,37,43,49,50
1019,2788,Yusuf Yazıcı (Lille),TUR,"MF,FW",Lille,Ligue 1,26,1997,14.6,60,61,68,66,50
1020,2789,Kelvin Yeboah (Montpellier),ITA,FW,Montpellier,Ligue 1,23,2000,3.1,40,47,36,35,50
1021,2790,Bertuğ Yıldırım (Rennes),TUR,FW,Rennes,Ligue 1,21,2002,5.2,32,41,36,38,27
1022,2791,Kenan Yıldız (Juventus),TUR,"FW,MF",Juventus,Serie A,18,2005,10.6,71,79,69,78,67
1023,2797,Mattia Zaccagni (Lazio),ITA,"FW,MF",Lazio,Serie A,28,1995,21.7,95,96,93,95,90
1024,2802,Arsen Zakharyan (Real Sociedad),RUS,"MF,FW",Real Sociedad,La Liga,20,2003,13.6,59,53,65,68,59
1025,2804,Nicola Zalewski (Roma),POL,"DF,FW",Roma,Serie A,21,2002,10.8,67,68,83,69,77
1026,2806,Nicolò Zaniolo (Aston Villa),ITA,"FW,MF",Aston Villa,Premier League,24,1999,9.3,76,61,71,59,75
1027,2808,Alessandro Zanoli (Napoli),ITA,"DF,FW",Napoli,Serie A,22,2000,0.6,14,0,16,12,0
1028,2809,Duván Zapata (Torino),COL,FW,Torino,Serie A,32,1991,32,95,89,90,92,88
1029,2810,Duván Zapata (Atalanta),COL,FW,Atalanta,Serie A,32,1991,1.2,18,21,20,12,27
1030,2813,Bryan Zaragoza (Granada),ESP,"MF,FW",Granada,La Liga,22,2001,18.2,97,96,95,94,93
1031,2814,Bryan Zaragoza (Bayern Munich),ESP,"FW,MF",Bayern Munich,Bundesliga,22,2001,2,43,47,46,49,50
1032,2815,Anass Zaroury (Burnley),MAR,"FW,MF",Burnley,Premier League,22,2000,1.7,26,21,16,18,0
1033,2820,Alessio Zerbin (Monza),ITA,"DF,FW",Monza,Serie A,24,1999,7.6,61,61,52,64,45
1034,2821,Alessio Zerbin (Napoli),ITA,"FW,DF",Napoli,Serie A,24,1999,1.7,21,21,28,28,27
1035,2826,Edon Zhegrova (Lille),KVX,FW,Lille,Ligue 1,24,1999,25.4,99,99,96,98,97
1036,2831,Joshua Zirkzee (Bologna),NED,FW,Bologna,Serie A,22,2001,30.7,97,96,82,87,83
1037,2833,Simon Zoller (Bochum),GER,"FW,MF",Bochum,Bundesliga,32,1991,0.5,0,0,0,0,0
1038,2840,Lovro Zvonarek (Bayern Munich),CRO,"FW,MF",Bayern Munich,Bundesliga,18,2005,1.8,18,14,31,12,39
1039,2842,Milan Đurić (Hellas Verona),BIH,FW,Hellas Verona,Serie A,33,1990,13.4,18,21,20,35,18
1040,2843,Milan Đurić (Monza),BIH,FW,Monza,Serie A,33,1990,14,21,21,16,18,18