Player,Pos,TakeOns_Att,TakeOns_Succ,Carries_PrgC,Carries_into_finalthird,Carries_into_PA,SCA,SCA90,_TakeOn
"Brenden Aaronson (Union Berlin)","MF,FW",88,88,73,76,62,76,74,76
"Keyliane Abdallah (Marseille)",FW,0,0,0,0,0,0,0,0
"Matthis Abline (Nantes)",FW,64,74,65,71,73,64,64,64
"Zakaria Aboukhlal (Toulouse)","MF,FW",61,47,60,53,59,46,38,46
"Tammy Abraham (Roma)",FW,26,21,28,18,27,17,12,17
"Bénie Adama Traore (Sheffield Utd)","FW,MF",50,37,31,32,34,25,15,25
"Bénie Adama Traore (Nantes)","FW,MF",55,61,60,57,55,40,47,40
"Akor Adams (Montpellier)",FW,74,63,75,69,83,69,19,69
"Junior Adamu (Freiburg)","FW,MF",18,0,10,12,0,14,19,14
"Sargis Adamyan (Köln)","FW,MF",45,44,48,44,45,58,69,58
"Elijah Adebayo (Luton Town)",FW,85,72,50,57,71,58,25,58
"Karim Adeyemi (Dortmund)","FW,MF",82,72,81,68,88,51,40,51
"Simon Adingra (Brighton)",FW,97,95,96,88,98,87,60,87
"Amine Adli (Leverkusen)","MF,FW",57,61,69,73,77,75,92,75
"Adryelson (Lyon)","DF,FW",0,0,0,0,0,0,0,0
"Adson (Nantes)","MF,FW",30,37,54,44,39,32,67,32
"Brandon Aguilera (Nott'ham Forest)",FW,0,0,0,12,0,0,0,0
"Naouirou Ahamada (Crystal Palace)","MF,FW",38,44,56,41,39,32,35,32
"Tosin Aiyegun (Lorient)","MF,FW",56,58,52,47,50,38,13,38
"Ludovic Ajorque (Mainz 05)",FW,35,21,26,35,18,63,40,63
"Marley Aké (Udinese)",FW,0,0,0,0,0,0,0,0
"Ilias Akhomach (Villarreal)","MF,FW",97,97,88,88,88,78,67,78
"Maghnes Akliouche (Monaco)","MF,FW",78,83,78,87,73,91,90,91
"David Akpan Ankeye (Genoa)",FW,23,21,20,12,18,9,17,9
"Aboubacar Ali (Strasbourg)","MF,FW",18,14,20,12,18,9,10,9
"Mohamed Ali Cho (Real Sociedad)","FW,MF",48,44,50,49,39,17,12,17
"Mohamed Ali Cho (Nice)",FW,68,68,79,76,75,60,70,60
"Faride Alidou (Köln)","FW,MF",86,80,81,69,79,60,38,60
"Nabil Alioui (Le Havre)","MF,FW",68,65,59,65,55,66,70,66
"Tadeo Allende (Celta Vigo)","MF,FW",30,28,36,28,18,32,38,32
"Domingos André Ribeiro Almeida (Valencia)","FW,MF",59,61,62,74,50,55,48,55
"Miguel Almirón (Newcastle Utd)",FW,78,79,91,86,83,75,38,75
"Pontus Almqvist (Lecce)","FW,MF",92,90,89,88,92,81,50,81
"Julián Álvarez (Manchester City)","MF,FW",72,75,86,93,89,96,79,96
"Papa Amadou Diallo (Metz)",FW,73,68,62,62,45,46,26,46
"Selim Amallah (Valencia)","FW,MF",72,72,31,53,27,39,29,39
"Amath (Mallorca)","FW,MF",55,47,56,41,62,41,77,41
"Zeki Amdouni (Burnley)",FW,91,84,86,77,81,74,35,74
"Elliot Anderson (Newcastle Utd)","MF,FW",73,76,73,69,39,60,57,60
"Felipe Anderson (Lazio)","FW,MF",94,93,96,95,87,92,57,92
"Komnen Andrić (Clermont Foot)",FW,23,21,0,28,18,25,62,25
"Jaidon Anthony (Bournemouth)",FW,26,21,16,18,0,17,20,17
"Michail Antonio (West Ham)",FW,83,84,79,61,80,60,20,60
"Antony (Manchester Utd)",FW,86,82,82,83,84,77,74,77
"Christopher Antwi-Adjei (Bochum)","FW,MF",66,44,80,68,78,72,70,72
"Houssem Aouar (Roma)","MF,FW",49,56,52,57,55,47,42,47
"Stredair Appuah (Nantes)","FW,MF",26,33,20,12,18,14,30,14
"Cameron Archer (Sheffield Utd)","FW,MF",82,86,70,76,83,73,38,73
"Adu Ares (Athletic Club)",FW,53,65,45,24,45,17,11,17
"Matias Arezo (Granada)",FW,9,14,28,24,39,23,13,23
"José Arnaiz (Osasuna)","FW,MF",59,56,60,65,55,66,77,66
"Hákon Arnar Haraldsson (Lille)","FW,MF",67,65,62,74,62,61,40,61
"Marko Arnautović (Inter)",FW,26,14,43,41,39,50,48,50
"Mohamed El Arouch (Lyon)",FW,9,14,0,0,0,0,0,0
"Sergio Arribas (Almería)","MF,FW",77,68,84,84,69,92,80,92
"Takuma Asano (Bochum)","FW,MF",67,68,84,74,89,82,56,82
"Marco Asensio (Paris S-G)","MF,FW",50,53,72,82,50,75,83,75
"Joel Asoro (Metz)","FW,MF",66,58,46,53,0,47,33,47
"Jonathan Asp Jensen (Bayern Munich)",FW,0,0,0,0,0,0,0,0
"Iago Aspas (Celta Vigo)",FW,75,84,92,94,87,100,95,100
"Arthur Atta (Metz)","MF,FW",59,58,50,57,27,44,22,44
"Pierre-Emerick Aubameyang (Marseille)",FW,65,72,88,81,93,86,44,86
"Ezequiel Ávila (Osasuna)","FW,MF",45,37,46,59,45,63,77,63
"Ezequiel Ávila (Betis)",FW,21,21,31,28,18,32,49,32
"Taiwo Awoniyi (Nott'ham Forest)",FW,43,47,34,35,50,56,45,56
"André Ayew (Le Havre)",FW,58,68,46,47,45,52,31,52
"Jordan Ayew (Crystal Palace)","FW,MF",97,96,90,92,81,85,44,85
"Sardar Azmoun (Roma)","FW,MF",38,33,26,44,18,43,51,43
"Shavy Babicka (Toulouse)","FW,MF",42,41,52,28,50,32,30,32
"Aliou Badara Baldé (Nice)","FW,DF",33,28,26,32,18,23,96,23
"Alex Baena (Villarreal)","MF,FW",79,82,92,93,84,99,92,99
"Jaime Báez (Frosinone)","FW,MF",33,37,43,35,27,40,53,40
"Leon Bailey (Aston Villa)","MF,FW",96,97,95,88,95,93,83,93
"Nedim Bajrami (Sassuolo)","MF,FW",61,70,81,73,67,74,68,74
"Cédric Bakambu (Betis)",FW,18,14,26,18,34,23,36,23
"Dilane Bakwa (Strasbourg)","FW,MF",96,96,94,97,85,95,86,95
"Tommaso Baldanzi (Empoli)","MF,FW",56,44,57,59,50,63,85,63
"Tommaso Baldanzi (Roma)","FW,MF",50,47,54,59,45,49,79,49
"Folarin Balogun (Monaco)",FW,71,56,71,62,90,80,63,80
"Jonathan Bamba (Celta Vigo)","MF,FW",94,92,95,88,90,88,71,88
"Mohamed Bamba (Lorient)",FW,59,56,62,68,71,58,43,58
"Samuel Bamba (Dortmund)",FW,9,14,26,24,18,14,77,14
"Lameck Banda (Lecce)",FW,93,92,89,81,92,80,82,80
"Mamady Bangré (Toulouse)","FW,MF",23,14,38,32,27,27,96,27
"Léo Baptistão (Almería)",FW,58,58,63,66,59,66,24,66
"Antonín Barák (Fiorentina)","MF,FW",38,33,52,69,18,56,66,56
"Valentín Barco (Brighton)","DF,FW",35,37,34,28,0,29,37,29
"Bradley Barcola (Lyon)",FW,45,47,40,35,59,23,18,23
"Bradley Barcola (Paris S-G)","FW,MF",92,94,94,89,97,84,88,84
"Kike Barja (Osasuna)","FW,MF",50,56,52,41,45,36,70,36
"Aymen Barkok (Mainz 05)","MF,FW",30,21,46,28,45,40,83,40
"Harvey Barnes (Newcastle Utd)","FW,MF",55,44,77,66,84,55,63,55
"Ander Barrenetxea (Real Sociedad)","FW,MF",89,90,84,81,83,67,45,67
"Christoph Baumgartner (RB Leipzig)","MF,FW",67,72,72,78,71,70,69,70
"Bebé (Rayo Vallecano)","MF,FW",50,58,52,47,45,29,67,29
"Ihlas Bebou (Hoffenheim)","FW,DF",83,82,76,82,83,72,46,72
"Mohamed Bechikh (Strasbourg)","FW,MF",14,0,0,0,0,0,0,0
"Adrian Beck (Heidenheim)","MF,FW",65,76,52,52,0,55,47,55
"Sheraldo Becker (Real Sociedad)","FW,MF",30,33,65,44,59,44,32,44
"Sheraldo Becker (Union Berlin)","FW,MF",40,41,69,61,55,53,78,53
"Chris Bedia (Union Berlin)","FW,MF",14,21,10,12,18,20,41,20
"Donny van de Beek (Eint Frankfurt)","MF,FW",26,28,16,18,0,27,20,27
"Yanis Begraoui (Toulouse)","FW,MF",32,44,36,35,27,27,29,27
"Kevin Behrens (Wolfsburg)",FW,30,28,31,24,34,43,46,43
"Kevin Behrens (Union Berlin)",FW,28,33,40,53,39,61,42,61
"Maximilian Beier (Hoffenheim)","FW,MF",90,88,85,79,93,87,52,87
"Jérémie Bela (Clermont Foot)","MF,FW",28,33,46,44,0,27,59,27
"Jean-Ricner Bellegarde (Wolves)","MF,FW",70,70,67,75,45,56,51,56
"Jean-Ricner Bellegarde (Strasbourg)","MF,FW",42,47,36,38,18,25,26,25
"Andrea Belotti (Fiorentina)",FW,26,14,38,28,39,51,37,51
"Andrea Belotti (Roma)",FW,42,44,48,44,50,49,59,49
"Lucas Beltrán (Fiorentina)","FW,MF",61,58,43,47,50,77,57,77
"Eliesse Ben Seghir (Monaco)","MF,FW",56,41,63,64,50,46,83,46
"Wissam Ben Yedder (Monaco)",FW,75,70,81,78,84,86,53,86
"Saïd Benrahma (West Ham)","FW,MF",68,63,65,61,75,52,75,52
"Saïd Benrahma (Lyon)","FW,MF",66,72,78,57,75,64,86,64
"Domenico Berardi (Sassuolo)",FW,58,56,74,74,73,81,80,81
"Álex Berenguer (Athletic Club)",FW,82,76,85,81,84,79,67,79
"Jóhann Berg Guðmundsson (Burnley)","MF,FW",43,37,45,53,27,74,75,74
"Medon Berisha (Lecce)","FW,MF",23,14,20,18,0,29,69,29
"Mergim Berisha (Hoffenheim)",FW,14,21,16,12,18,20,41,20
"Mergim Berisha (Augsburg)",FW,14,0,20,12,18,23,73,23
"Isaac Bernal (Sevilla)",FW,61,61,68,52,73,55,42,55
"Matúš Bero (Bochum)","MF,FW",47,33,43,57,27,55,16,55
"Jan-Niklas Beste (Heidenheim)","FW,MF",89,86,91,93,69,97,84,97
"Beto (Everton)",FW,66,65,46,44,71,58,58,58
"Beto (Udinese)",FW,18,21,0,0,0,25,98,25
"Pep Biel (Augsburg)","MF,FW",28,41,16,18,18,34,61,34
"El Bilal Touré (Atalanta)",FW,40,28,50,57,27,34,35,34
"Tom Bischof (Hoffenheim)","MF,FW",18,21,16,38,0,27,69,27
"Ludovic Blas (Rennes)","FW,MF",85,81,78,83,59,70,45,70
"Myron Boadu (Monaco)",FW,14,0,20,12,27,9,11,9
"Benicio Boaitey (Brighton)","FW,DF",9,14,10,18,18,14,87,14
"Oscar Bobb (Manchester City)","FW,MF",45,56,45,32,45,48,97,48
"Jeremie Boga (Nice)",FW,95,98,95,99,94,89,71,89
"Adama Bojang (Reims)",FW,9,14,16,12,18,14,30,14
"Federico Bonazzoli (Hellas Verona)","FW,MF",37,41,45,47,34,52,35,52
"Victor Boniface (Leverkusen)",FW,92,94,80,78,89,78,65,78
"Ângelo Borges (Strasbourg)","FW,MF",80,86,80,88,50,76,86,76
"Yvandro Borges Sanches (Gladbach)","MF,FW",0,0,10,0,18,9,91,9
"Rafael Borré (Werder Bremen)",FW,50,44,50,56,45,48,26,48
"Gennaro Borrelli (Frosinone)",FW,9,0,10,0,0,0,0,0
"Erik Botheim (Salernitana)","FW,MF",21,14,20,12,27,9,9,9
"Badredine Bouanani (Nice)",FW,35,33,38,47,18,34,94,34
"Mohamed Bouchenna (Clermont Foot)","MF,FW",23,21,0,12,18,14,96,14
"Benjamin Bourigeaud (Rennes)","MF,FW",53,53,64,84,39,96,82,96
"Bilal Boutobba (Clermont Foot)","FW,MF",75,68,74,76,67,60,64,60
"Hugo Boutsingkham (Nantes)","MF,FW",9,0,0,0,0,0,0,0
"Jarrod Bowen (West Ham)",FW,93,88,93,85,97,89,39,89
"Lucas Boyé (Granada)",FW,97,96,72,86,77,88,51,88
"Bilal Brahimi (Nice)",FW,9,0,10,0,18,9,98,9
"Bilal Brahimi (Brest)","FW,MF",43,51,48,47,45,38,92,38
"Julian Brandt (Dortmund)","MF,FW",85,83,90,93,78,98,93,98
"Josip Brekalo (Fiorentina)",FW,45,47,46,49,55,44,46,44
"Brenner (Udinese)","MF,FW",26,21,28,28,18,23,37,23
"Ben Brereton (Sheffield Utd)","FW,MF",58,53,60,57,80,58,43,58
"Ben Brereton (Villarreal)","FW,MF",33,21,28,52,34,20,14,20
"Maximilian Breunig (Freiburg)",FW,0,0,0,0,0,0,0,0
"Rhian Brewster (Sheffield Utd)","FW,MF",23,0,10,28,34,27,21,27
"Bennit Bröger (Wolfsburg)",FW,14,0,0,0,0,0,0,0
"Armando Broja (Chelsea)",FW,61,61,40,28,59,29,17,29
"Armando Broja (Fulham)",FW,26,21,16,18,0,9,11,9
"David Brooks (Bournemouth)","FW,MF",33,33,34,44,18,46,96,46
"Moritz Broschinski (Bochum)",FW,61,56,54,47,62,60,40,60
"Jacob Brown (Luton Town)","MF,FW",55,41,62,56,62,40,14,40
"Jacob Bruun Larsen (Burnley)","MF,FW",80,75,85,65,91,71,65,71
"Ante Budimir (Osasuna)",FW,61,53,58,52,78,68,16,68
"Marius Bülter (Hoffenheim)","DF,FW",76,72,73,78,71,73,63,73
"Facundo Buonanotte (Brighton)","FW,MF",78,72,60,73,59,64,42,64
"Jonathan Burkardt (Mainz 05)","FW,MF",80,79,72,73,64,67,38,67
"Oliver Burke (Werder Bremen)",FW,9,14,16,12,0,0,0,0
"Rareș-Cătălin Burnete (Lecce)",FW,0,0,0,0,0,0,0,0
"Mason Burstow (Chelsea)",FW,0,0,0,0,0,0,0,0
"Maxime Busi (Reims)","FW,DF",21,28,20,18,34,25,66,25
"Jamie Bynoe-Gittens (Dortmund)","FW,MF",93,93,86,89,94,71,78,71
"Rémy Cabella (Lille)","FW,MF",76,76,89,91,83,87,88,87
"Jovane Cabral (Salernitana)","MF,FW",67,76,59,47,55,51,65,51
"José Callejón (Granada)","MF,FW",32,28,38,47,18,60,73,60
"Dominic Calvert-Lewin (Everton)",FW,73,63,72,66,83,76,33,76
"Francesco Camarda (Milan)",FW,9,0,0,0,0,0,0,0
"Nicolò Cambiaghi (Empoli)","FW,MF",90,84,98,90,96,92,63,92
"Andrea Cambiaso (Juventus)","DF,FW",82,82,93,91,84,88,56,88
"Axel Camblan (Brest)",FW,30,28,26,28,0,14,26,14
"Sergio Camello (Rayo Vallecano)",FW,77,68,59,65,64,71,41,71
"Matteo Cancellieri (Empoli)","FW,MF",93,90,79,82,89,76,49,76
"Antonio Candreva (Salernitana)","MF,FW",71,65,88,88,79,97,78,97
"Thomas Cannon (Everton)",FW,0,0,0,0,0,0,0,0
"Sergi Canós (Valencia)","MF,FW",68,72,69,53,67,58,37,58
"Luigi Canotto (Frosinone)",FW,9,14,0,0,0,0,0,0
"Gianluca Caprari (Monza)","MF,FW",30,28,40,44,45,40,91,40
"Francesco Caputo (Empoli)",FW,33,37,31,35,39,52,22,52
"Valentin Carboni (Monza)","MF,FW",77,80,81,80,79,68,62,68
"Marc Cardona (Las Palmas)",FW,65,63,38,28,39,40,24,40
"Álvaro Carreras (Granada)","MF,FW",40,44,45,56,18,41,62,41
"Rasmus Carstensen (Köln)","DF,FW",60,61,69,74,34,65,29,65
"Cesare Casadei (Chelsea)","FW,MF",14,21,10,0,0,20,88,20
"Josué Casimir (Le Havre)","FW,DF",84,79,85,81,83,75,36,75
"Giuseppe Caso (Frosinone)","FW,MF",67,65,48,56,50,36,45,36
"Valentín Castellanos (Lazio)",FW,68,56,48,53,55,72,44,72
"Samu Castillejo (Sassuolo)","FW,MF",47,51,64,71,55,52,87,52
"Santiago Castro (Bologna)",FW,18,21,10,18,0,0,0,0
"Gaetano Castrovilli (Fiorentina)","FW,MF",40,28,46,41,27,34,40,34
"Ivan Cavaleiro (Lille)",FW,45,53,54,56,45,43,29,43
"Dani Ceballos (Real Madrid)","MF,FW",42,37,50,61,18,51,75,51
"Emil Ceide (Sassuolo)","FW,MF",49,61,43,35,45,27,71,27
"Václav Černý (Wolfsburg)","FW,MF",64,63,63,64,64,58,60,58
"Alberto Cerri (Empoli)",FW,26,14,20,38,18,29,14,29
"Fares Chaïbi (Toulouse)","FW,MF",14,0,16,12,0,17,88,17
"Fares Chaïbi (Eint Frankfurt)","MF,FW",48,44,82,84,69,89,76,89
"Muhammed Cham (Clermont Foot)","MF,FW",84,88,89,98,71,97,82,97
"Walid Cheddira (Frosinone)",FW,67,58,68,56,83,64,17,64
"Rayan Cherki (Lyon)","MF,FW",98,99,94,97,91,95,94,95
"Youssef Chermiti (Everton)",FW,35,28,26,12,34,27,58,27
"Federico Chiesa (Juventus)",FW,92,89,96,92,98,96,89,96
"Tawanda Chirewa (Wolves)","MF,FW",18,14,10,18,18,17,22,17
"Leon Chiwome (Wolves)",FW,0,0,10,0,18,9,9,9
"Tahith Chong (Luton Town)","MF,FW",86,81,84,88,62,73,32,73
"Carney Chukwuemeka (Chelsea)","MF,FW",37,21,24,32,27,32,70,32
"Samuel Chukwueze (Milan)",FW,83,76,81,74,85,72,83,72
"Alphadjo Cissè (Hellas Verona)",FW,0,0,0,0,0,0,0,0
"Ibrahim Cissoko (Toulouse)","FW,MF",60,70,58,44,71,40,94,40
"Marcus Coco (Nantes)","DF,FW",61,58,65,78,18,56,21,56
"Lorenzo Colombo (Monza)",FW,52,58,50,44,71,53,22,53
"Andrea Colpani (Monza)","MF,FW",89,83,93,96,88,97,81,97
"Kingsley Coman (Bayern Munich)",FW,85,84,90,81,92,81,91,81
"Pietro Comuzzo (Fiorentina)","DF,FW",0,0,0,0,0,0,0,0
"Alois Confais (Le Havre)","MF,FW",0,0,0,0,0,0,0,0
"Bambasé Conté (Hoffenheim)","MF,FW",26,21,20,18,27,9,22,9
"Theo Corbeanu (Granada)","MF,FW",30,21,26,28,0,20,21,20
"Jeppe Corfitzen (Lecce)",FW,0,0,10,12,0,0,0,0
"Maxwel Cornet (West Ham)","MF,FW",14,0,20,18,27,23,80,23
"Giacomo Corona (Empoli)",FW,0,0,0,0,0,0,0,0
"Ángel Correa (Atlético Madrid)","FW,MF",80,83,75,59,87,83,79,83
"Joaquín Correa (Marseille)","FW,MF",42,37,36,47,27,36,42,36
"Oscar Cortés (Lens)","FW,MF",0,0,10,0,0,9,27,9
"João Costa (Roma)","MF,FW",0,0,0,0,0,14,99,14
"Tanguy Coulibaly (Montpellier)","FW,MF",56,70,64,71,73,46,54,46
"Philippe Coutinho (Aston Villa)","MF,FW",23,33,26,28,0,14,97,14
"Yan Couto (Girona)","DF,FW",96,95,99,99,95,77,33,77
"Aaron Cresswell (West Ham)","DF,FW",9,0,24,32,0,36,41,36
"Juan Cruz (Hellas Verona)","FW,MF",14,14,20,18,0,17,41,17
"Juan Cruz (Betis)",FW,28,33,16,24,0,23,95,23
"Matheus Cunha (Wolves)","FW,MF",98,98,95,98,93,88,53,88
"Marvin Cuni (Frosinone)",FW,40,28,28,32,27,41,53,41
"Tomáš Čvančara (Gladbach)",FW,43,37,43,38,55,46,26,46
"Trévis Dago (Lille)","FW,MF",9,14,10,12,0,14,98,14
"Thijs Dallinga (Toulouse)",FW,68,75,69,71,62,73,20,73
"Arnaut Danjuma (Everton)","MF,FW",49,47,62,57,67,43,49,43
"Jayden Danns (Liverpool)",FW,0,0,0,12,0,0,0,0
"Mohammed Daramy (Reims)","FW,MF",92,96,89,87,91,79,62,79
"Achraf Dari (Brest)","DF,FW",0,0,0,0,0,9,10,9
"Lukas Daschner (Bochum)","MF,FW",50,58,40,49,34,46,66,46
"Josh Dasilva (Brentford)","DF,FW",21,21,16,0,27,9,74,9
"David Datro Fofana (Burnley)",FW,71,65,58,44,67,43,21,43
"David Datro Fofana (Union Berlin)","FW,MF",77,74,57,59,71,53,73,53
"Jonathan David (Lille)",FW,70,65,78,80,83,87,46,87
"Keinan Davis (Udinese)","FW,MF",23,28,16,12,34,35,93,35
"Charles De Ketelaere (Atalanta)","FW,MF",91,91,93,90,95,92,81,92
"Grégoire Defrel (Sassuolo)","FW,MF",38,33,31,38,27,44,34,44
"Romain Del Castillo (Brest)",FW,99,99,95,99,82,100,95,100
"Sacha Delaye (Montpellier)","MF,FW",18,21,16,28,18,25,82,25
"Karamoko Dembele (Brest)","MF,FW",0,0,0,18,0,9,92,9
"Ousmane Dembélé (Paris S-G)","MF,FW",98,98,99,100,97,96,97,96
"Jessy Deminguet (Strasbourg)","MF,FW",28,21,31,47,18,29,11,29
"Ermedin Demirović (Augsburg)","FW,MF",84,84,65,65,67,85,34,85
"Mattia Destro (Empoli)","FW,MF",21,14,24,24,34,20,11,20
"Federico Di Francesco (Lecce)","FW,MF",9,0,10,0,0,9,95,9
"Boulaye Dia (Salernitana)","FW,MF",73,63,54,61,50,52,27,52
"Moussa Diaby (Aston Villa)","FW,MF",86,84,94,86,94,89,65,89
"Mamadou Diakhon (Reims)","FW,MF",48,41,40,18,45,20,19,20
"Oumar Diakité (Reims)",FW,83,81,66,66,82,67,36,67
"Amad Diallo (Manchester Utd)","FW,MF",52,56,40,52,39,46,88,46
"Assane Diao (Betis)",FW,80,72,70,73,73,49,25,49
"Habib Diarra (Strasbourg)","MF,FW",82,88,85,95,64,74,25,74
"Krépin Diatta (Monaco)","DF,FW",74,84,79,77,64,67,59,67
"Brahim Díaz (Real Madrid)","FW,MF",94,97,90,94,91,86,85,86
"Luis Díaz (Liverpool)",FW,98,98,98,98,99,99,94,99
"Famara Diedhiou (Granada)","FW,MF",23,33,26,24,27,27,97,27
"Justin Diehl (Köln)","FW,MF",42,47,28,18,45,35,95,35
"Bamba Dieng (Lorient)",FW,35,28,26,18,34,44,60,44
"Florian Dietz (Köln)","FW,MF",0,0,0,12,0,20,92,20
"Eren Dinkçi (Heidenheim)","FW,MF",92,92,92,93,83,90,55,90
"Sofiane Diop (Nice)",FW,50,41,57,62,50,41,59,41
"Ben Doak (Liverpool)",FW,0,0,0,0,0,0,0,0
"Jeremy Doku (Manchester City)","FW,MF",99,99,100,94,100,96,96,96
"Jeremy Doku (Rennes)",FW,32,51,40,35,55,32,97,32
"Mario Dominguez (Valencia)",FW,0,0,0,0,0,0,0,0
"Nicolás Domínguez (Nott'ham Forest)","MF,FW",44,44,46,53,27,61,29,61
"Jamie Donley (Tottenham)",FW,9,0,0,0,0,0,0,0
"Abdoulaye Doucouré (Everton)","FW,MF",76,81,83,83,78,83,35,83
"Siriné Doucouré (Lorient)",FW,55,61,46,38,69,38,51,38
"Désiré Doué (Rennes)","MF,FW",94,98,91,97,90,91,90,91
"Anastasios Douvikas (Celta Vigo)",FW,50,51,38,35,50,46,25,46
"Artem Dovbyk (Girona)",FW,55,70,54,38,77,78,25,78
"Nikola Dovedan (Heidenheim)","MF,FW",52,47,43,49,39,49,61,49
"Damion Downs (Köln)","FW,MF",21,14,10,12,18,20,25,20
"Dion Drena Beljo (Augsburg)","FW,MF",53,56,50,53,50,47,63,47
"Marvin Ducksch (Werder Bremen)",FW,58,58,52,65,55,95,73,95
"Jhon Durán (Aston Villa)","FW,MF",23,21,36,32,45,36,34,36
"Julien Duranville (Dortmund)","FW,MF",23,28,16,12,18,0,0,0
"Hugo Duro (Valencia)",FW,71,61,64,65,71,73,16,73
"Paulo Dybala (Roma)","FW,MF",88,83,91,94,90,92,85,92
"Aron Dønnum (Toulouse)","FW,MF",87,87,88,83,82,76,57,76
"George Earthy (West Ham)",FW,0,0,0,12,0,14,92,14
"Odsonne Édouard (Crystal Palace)","FW,MF",78,74,70,62,87,70,45,70
"Hugo Ekitike (Paris S-G)",FW,0,0,0,0,18,0,0,0
"Hugo Ekitike (Eint Frankfurt)",FW,70,72,50,44,62,53,69,53
"Emmanuel Ekong (Empoli)",FW,18,0,0,0,0,9,99,9
"Caleb Ekuban (Genoa)",FW,50,53,46,41,62,61,51,61
"Anthony Elanga (Nott'ham Forest)","FW,MF",88,83,95,92,95,84,45,84
"Simon Elisor (Metz)",FW,45,37,36,41,45,44,33,44
"Harvey Elliott (Liverpool)","MF,FW",48,51,77,89,62,88,92,88
"Elif Elmas (Napoli)","FW,MF",38,41,46,53,39,32,38,32
"Elif Elmas (RB Leipzig)","MF,FW",33,37,36,38,39,27,37,27
"Adri Embarba (Almería)","FW,MF",96,94,94,92,85,95,78,95
"Breel Embolo (Monaco)",FW,28,33,34,32,50,34,90,34
"Emanuel Emegha (Strasbourg)",FW,65,53,62,64,71,53,13,53
"Youssef En-Nesyri (Sevilla)",FW,67,56,52,47,67,48,10,48
"Julio Enciso (Brighton)","MF,FW",59,70,65,65,55,49,85,49
"Oscar Estupiñan (Metz)",FW,14,14,26,24,0,14,10,14
"Karl Etta (Cádiz)",FW,0,0,0,0,0,0,0,0
"Eberechi Eze (Crystal Palace)","MF,FW",98,98,88,94,95,95,89,95
"Abde Ezzalzouli (Barcelona)","FW,MF",21,21,31,24,39,14,47,14
"Abde Ezzalzouli (Betis)",FW,78,76,84,81,92,46,29,46
"Giovanni Fabbian (Bologna)","MF,FW",53,58,40,47,45,49,24,49
"Romain Faivre (Bournemouth)","MF,FW",28,21,24,28,0,9,31,9
"Romain Faivre (Lorient)","MF,FW",92,93,88,88,67,69,47,69
"Ilhan Fakili (Clermont Foot)","MF,FW",26,14,16,12,27,14,23,14
"Radamel Falcao (Rayo Vallecano)","FW,DF",30,28,31,28,45,38,53,38
"Ansu Fati (Brighton)","MF,FW",45,37,50,32,62,49,78,49
"Ansu Fati (Barcelona)","MF,FW",18,14,28,28,27,9,21,9
"Khalil Fayad (Montpellier)","FW,MF",52,53,54,56,39,44,18,44
"Peter Federico (Valencia)","MF,FW",59,61,56,41,62,39,24,39
"Nabil Fekir (Betis)","MF,FW",65,76,69,75,55,79,92,79
"João Félix (Barcelona)",FW,91,84,88,91,90,80,72,80
"Evan Ferguson (Brighton)",FW,43,44,45,44,45,48,15,48
"Bruno Fernandes (Manchester Utd)","MF,FW",74,74,92,94,84,100,96,100
"Carlos Fernández (Real Sociedad)",FW,33,28,26,24,0,17,10,17
"Valery Fernández (Girona)","MF,FW",47,44,57,47,55,39,41,39
"Ichem Ferrah (Lille)",FW,0,0,0,0,0,0,0,0
"Nacho Ferri (Eint Frankfurt)","FW,MF",9,0,0,0,0,14,39,14
"Rachad Fettal (Almería)",FW,0,0,0,0,0,14,99,14
"Seydou Fini (Genoa)","DF,FW",9,0,10,18,0,9,42,9
"Max Finkgräfe (Köln)","DF,FW",81,89,81,81,67,66,27,66
"Phil Foden (Manchester City)","FW,MF",93,94,94,98,98,99,87,99
"Malick Fofana (Lyon)",FW,42,47,63,62,64,44,59,44
"Michael Folorunsho (Hellas Verona)","MF,FW",86,78,84,85,59,71,16,71
"Tiago Fonseca Morais (Lille)",FW,18,0,20,0,18,9,24,9
"Pablo Fornals (West Ham)","MF,FW",37,41,24,38,27,40,66,40
"Pablo Fornals (Betis)","FW,MF",56,56,73,69,71,70,69,70
"Emil Forsberg (RB Leipzig)","MF,FW",32,28,34,24,39,40,60,40
"Omari Forson (Manchester Utd)",FW,14,14,10,24,0,0,0,0
"Philipp Förster (Bochum)","MF,FW",21,14,31,47,18,44,86,44
"Lyle Foster (Burnley)","FW,MF",70,74,83,78,93,67,24,67
"Matheus França (Crystal Palace)","MF,FW",40,33,43,49,45,29,60,29
"Nathan Fraser (Wolves)",FW,0,0,10,12,18,25,55,25
"Jean Frederic N'Guessan (Metz)","MF,FW",21,28,10,18,0,20,63,20
"Jorge de Frutos (Rayo Vallecano)","FW,MF",77,65,76,76,69,74,56,74
"Chris Führich (Stuttgart)","FW,MF",99,99,99,100,98,98,89,98
"Shiō Fukuda (Gladbach)","FW,MF",9,14,0,0,0,14,90,14
"Niclas Füllkrug (Werder Bremen)",FW,9,0,16,12,0,27,69,27
"Niclas Füllkrug (Dortmund)",FW,48,37,52,59,67,78,36,78
"Gerardo Fusco (Salernitana)",FW,9,0,0,0,0,14,99,14
"Gianluca Gaetano (Cagliari)","FW,MF",60,53,52,56,50,60,81,60
"Cody Gakpo (Liverpool)","FW,MF",79,87,77,78,71,85,79,85
"Kévin Gameiro (Strasbourg)","FW,MF",38,44,63,73,64,75,69,75
"Ignatius Ganago (Nantes)","FW,MF",9,0,31,18,34,23,40,23
"Álvaro García (Rayo Vallecano)","FW,MF",55,53,84,66,83,88,53,88
"Francisco Jesús Crespo García (Las Palmas)",FW,65,65,52,57,39,44,67,44
"Gonzalo García (Real Madrid)","FW,MF",9,0,10,12,18,0,0,0
"Jastin García (Girona)",FW,14,14,16,0,18,9,51,9
"Raúl García (Athletic Club)","FW,MF",23,21,24,38,27,20,10,20
"Rubén García (Osasuna)","FW,MF",61,72,50,74,39,82,76,82
"Alejandro Garnacho (Manchester Utd)",FW,97,95,100,99,100,97,82,97
"Federico Gattoni (Sevilla)","DF,FW",0,0,0,0,0,0,0,0
"Gavi (Barcelona)","MF,FW",50,58,63,71,34,52,44,52
"Yann Gboho (Toulouse)","MF,FW",83,86,87,86,88,65,56,65
"Gelabert (Toulouse)","MF,FW",59,61,46,61,67,47,42,47
"Denis Genreau (Toulouse)","MF,FW",37,33,28,32,27,38,43,38
"Farés Ghedjemis (Frosinone)","FW,MF",28,21,31,18,45,20,25,20
"Morgan Gibbs-White (Nott'ham Forest)","MF,FW",95,93,91,95,75,99,83,99
"Bryan Gil (Tottenham)","FW,MF",35,47,40,35,45,32,77,32
"Olivier Giroud (Milan)",FW,35,28,36,38,39,74,24,74
"Serge Gnabry (Bayern Munich)","FW,MF",37,41,60,44,69,44,78,44
"Aleksandr Golovin (Monaco)","MF,FW",74,80,80,88,79,94,84,94
"André Gomes (Everton)","MF,FW",37,28,34,38,34,43,61,43
"Maxi Gómez (Cádiz)",FW,35,33,45,47,27,47,18,47
"Moi Gómez (Osasuna)","MF,FW",59,70,72,73,34,79,48,79
"Papu Gómez (Monza)","MF,FW",0,0,16,18,18,23,99,23
"Sergio Gómez (Manchester City)","FW,MF",14,21,24,0,18,14,66,14
"Hugo González (Valencia)","MF,FW",14,0,16,18,0,23,91,23
"Nicolás González (Fiorentina)",FW,91,88,82,90,81,80,55,80
"Anthony Gordon (Newcastle Utd)",FW,98,96,99,97,98,99,86,99
"Kaide Gordon (Liverpool)",FW,0,0,0,0,0,0,0,0
"Amine Gouiri (Rennes)","FW,MF",90,94,85,89,89,90,73,90
"Pablo Gozalbez (Valencia)","MF,FW",18,0,0,12,18,9,10,9
"Samuel Grandsir (Le Havre)","MF,FW",53,44,59,69,59,58,88,58
"Ryan Gravenberch (Bayern Munich)",FW,9,14,0,0,0,17,100,17
"Adrian Grbić (Lorient)",FW,0,0,0,0,0,9,54,9
"Jack Grealish (Manchester City)","FW,MF",71,72,93,87,97,76,89,76
"Mason Greenwood (Getafe)","MF,FW",98,99,98,98,99,96,74,96
"Michael Gregoritsch (Freiburg)",FW,45,37,43,62,39,71,42,71
"Antoine Griezmann (Atlético Madrid)","FW,MF",68,78,77,82,55,95,73,95
"Vincenzo Grifo (Freiburg)","MF,FW",81,79,83,80,85,93,76,93
"Brajan Gruda (Mainz 05)","MF,FW",99,98,95,92,96,94,95,94
"Sergi Guardiola (Cádiz)","FW,MF",40,44,38,38,27,40,49,40
"Gabriel Gudmundsson (Lille)","DF,FW",63,51,75,64,71,48,16,48
"Gonçalo Guedes (Villarreal)","FW,MF",42,53,74,62,64,66,76,66
"Axel Gueguin (Montpellier)","DF,FW",14,14,16,18,18,14,14,14
"Evann Guessand (Nice)",FW,84,80,75,76,73,71,49,71
"Morgan Guilavogui (Lens)","FW,MF",33,37,50,41,55,52,84,52
"Serhou Guirassy (Stuttgart)",FW,71,68,69,64,80,91,73,91
"Marc Guiu (Barcelona)","FW,MF",0,0,10,12,18,14,39,14
"Arda Güler (Real Madrid)","FW,MF",50,56,50,35,50,43,84,43
"Gorka Guruzeta (Athletic Club)",FW,64,74,54,53,39,77,34,77
"Albert Guðmundsson (Genoa)","FW,MF",93,92,92,97,78,99,84,99
"Emmanuel Gyasi (Empoli)","DF,FW",49,28,48,56,39,52,13,52
"Erling Haaland (Manchester City)",FW,60,58,71,53,83,79,29,79
"Robin Hack (Gladbach)","FW,MF",82,82,80,84,81,70,57,70
"Antwoine Hackford (Sheffield Utd)",FW,9,0,0,12,0,0,0,0
"Munir El Haddadi (Las Palmas)",FW,82,76,63,77,59,80,35,80
"Ianis Hagi (Alavés)","MF,FW",57,63,52,53,27,72,93,72
"Sébastien Haller (Dortmund)",FW,23,33,40,28,27,35,43,35
"Amine Harit (Marseille)","MF,FW",88,91,92,96,67,91,86,91
"Jack Harrison (Everton)","MF,FW",88,84,87,78,73,83,47,83
"Abdou Harroui (Frosinone)","MF,FW",74,74,77,78,59,65,68,65
"Kai Havertz (Arsenal)","MF,FW",72,68,83,82,84,95,72,95
"Hwang Hee-chan (Wolves)","FW,MF",85,89,73,66,85,72,27,72
"Silvan Hefti (Montpellier)","DF,FW",33,44,46,44,18,35,14,35
"Luis Henrique (Marseille)","FW,DF",55,61,67,74,62,55,66,55
"Luiz Henrique (Betis)",FW,75,82,71,56,64,56,85,56
"Thomas Henry (Hellas Verona)",FW,23,14,16,18,18,25,17,25
"Cristian Herrera (Las Palmas)","FW,MF",14,14,16,24,0,23,49,23
"Patrick Herrmann (Gladbach)","FW,DF",9,0,20,28,18,27,98,27
"Son Heung-min (Tottenham)",FW,91,91,97,87,98,98,78,98
"Adam Hložek (Leverkusen)","MF,FW",40,33,46,44,45,40,60,40
"Philipp Hofmann (Bochum)",FW,42,51,31,35,27,74,55,74
"Lucas Höler (Freiburg)","FW,MF",59,61,62,52,45,81,42,81
"Benedict Hollerbach (Union Berlin)","FW,MF",87,86,80,75,85,67,53,67
"Gerrit Holtmann (Darmstadt 98)","MF,FW",42,44,45,49,59,44,85,44
"Franck Honorat (Gladbach)","DF,FW",79,76,94,94,87,98,91,98
"Mathias Honsak (Darmstadt 98)","FW,MF",60,51,59,56,59,47,22,47
"Sydney van Hooijdonk (Bologna)",FW,14,21,10,0,0,14,10,14
"Fraser Hornby (Darmstadt 98)","FW,MF",21,14,31,24,39,29,64,29
"Callum Hudson-Odoi (Nott'ham Forest)","FW,MF",89,93,96,93,94,89,79,89
"Rasmus Højlund (Manchester Utd)",FW,68,72,72,74,75,78,39,78
"Arijon Ibrahimović (Frosinone)","FW,DF",38,33,38,38,55,40,52,40
"Iglesias (Getafe)","DF,FW",40,41,50,49,27,52,19,52
"Borja Iglesias (Betis)",FW,14,14,26,32,27,46,86,46
"Borja Iglesias (Leverkusen)",FW,9,0,20,18,34,29,51,29
"Jonathan Ikone (Fiorentina)",FW,75,76,81,66,93,73,46,73
"Chukwubuikem Ikwuemesi (Salernitana)",FW,61,65,40,49,50,43,16,43
"Andrej Ilic (Lille)",FW,0,0,0,0,0,0,0,0
"Joel Imasuen (Werder Bremen)",FW,0,0,0,0,0,0,0,0
"Ciro Immobile (Lazio)",FW,57,47,56,53,73,66,31,66
"Danny Ings (West Ham)",FW,38,41,31,18,34,41,76,41
"Alexander Isak (Newcastle Utd)",FW,87,92,88,78,93,85,53,85
"Gustav Isaksen (Lazio)",FW,73,65,72,66,73,67,68,67
"Junya Ito (Reims)","FW,MF",94,96,98,97,92,98,87,98
"Alex Iwobi (Fulham)","FW,MF",86,90,96,98,88,94,83,94
"Nicolas Jackson (Chelsea)",FW,93,96,89,87,91,92,59,92
"Lee Jae-sung (Mainz 05)","MF,FW",68,65,62,61,39,83,51,83
"Kristijan Jakić (Eint Frankfurt)","MF,FW",14,0,20,28,18,14,11,14
"Ablie Jallow (Metz)","MF,FW",68,68,66,74,34,56,56,56
"Jakub Jankto (Cagliari)","MF,FW",18,14,43,47,27,49,37,49
"Adnan Januzaj (Sevilla)","FW,MF",35,37,10,24,0,25,51,25
"Nuha Jatta (RB Leipzig)",FW,0,0,0,0,0,0,0,0
"Luis Javier Suárez (Almería)",FW,52,58,67,52,75,52,47,52
"Daniel Jebbison (Sheffield Utd)",FW,0,0,0,0,0,0,0,0
"Jeffinho (Lyon)","FW,MF",68,63,48,53,45,41,91,41
"Fredrik Jensen (Augsburg)","MF,FW",56,37,59,44,50,74,66,74
"Gabriel Jesus (Arsenal)",FW,88,89,74,66,87,79,71,79
"Raúl Jiménez (Fulham)",FW,53,53,40,56,45,52,19,52
"João Pedro (Brighton)","FW,MF",94,93,92,86,96,91,79,91
"Joelinton (Newcastle Utd)","MF,FW",66,70,66,71,50,71,64,71
"Ben Johnson (West Ham)","DF,FW",55,56,52,49,18,32,16,32
"Brennan Johnson (Tottenham)",FW,86,81,94,81,96,84,58,84
"Brennan Johnson (Nott'ham Forest)","FW,MF",28,21,34,28,34,27,47,27
"Jeremy Jorge (Getafe)",FW,0,0,0,0,0,0,0,0
"Kaio Jorge (Frosinone)",FW,45,37,28,35,39,47,36,47
"Willian José (Betis)",FW,37,41,34,41,27,68,23,68
"Joselu (Real Madrid)",FW,40,41,48,41,69,58,18,58
"Diogo Jota (Liverpool)",FW,71,65,83,76,84,72,75,72
"Antoine Joujou (Le Havre)","FW,MF",79,74,71,66,77,58,71,58
"Luka Jović (Milan)",FW,38,44,28,38,0,46,27,46
"Juanmi (Cádiz)",FW,52,51,31,41,45,46,28,46
"Eli Junior Kroupi (Lorient)","FW,MF",48,58,38,53,45,46,18,46
"Vinicius Júnior (Real Madrid)",FW,99,98,98,97,100,88,76,88
"Julian Justvan (Hoffenheim)","FW,MF",0,0,34,28,18,0,0,0
"Julian Justvan (Darmstadt 98)","MF,FW",67,68,57,64,45,71,80,71
"Sory Kaba (Las Palmas)",FW,50,56,31,38,34,39,20,39
"Abdoul Kader Bamba (Nantes)","FW,MF",61,53,76,73,71,63,92,63
"Pavel Kadeřábek (Hoffenheim)","DF,FW",42,28,74,71,62,80,35,80
"Tino Kadewere (Lyon)","FW,MF",23,28,24,18,34,32,49,32
"Tino Kadewere (Nantes)","FW,MF",53,51,48,32,50,47,39,47
"Florian Kainz (Köln)","MF,FW",72,79,75,84,59,93,80,93
"Sasa Kalajdzic (Wolves)",FW,9,14,10,12,0,23,48,23
"Sasa Kalajdzic (Eint Frankfurt)",FW,18,14,10,24,0,29,32,29
"Arnaud Kalimuendo (Rennes)",FW,75,70,64,62,71,84,56,84
"Yayah Kallon (Hellas Verona)",FW,0,0,0,0,0,0,0,0
"Waren Kamanzi (Toulouse)","DF,FW",30,21,71,64,59,49,19,49
"Jakub Kamiński (Wolfsburg)","FW,MF",37,14,45,32,62,27,14,27
"Harry Kane (Bayern Munich)",FW,81,80,72,73,73,90,46,90
"Lee Kang-in (Paris S-G)","FW,MF",77,81,80,89,78,83,82,83
"Yann Karamoh (Torino)","MF,FW",45,41,40,38,34,20,33,20
"Yann Karamoh (Montpellier)","FW,MF",37,41,31,41,0,32,53,32
"Jesper Karlsson (Bologna)",FW,35,37,45,38,50,35,53,35
"Jon Karrikaburu (Alavés)","MF,FW",0,0,0,0,0,0,0,0
"Silas Katompa (Stuttgart)","FW,MF",88,90,80,76,82,68,82,68
"Mikkel Kaufmann (Union Berlin)",FW,33,28,28,12,39,36,32,36
"Moise Kean (Juventus)",FW,63,63,43,35,55,39,24,39
"Thomas Keller (Heidenheim)","MF,FW",0,0,0,0,0,0,0,0
"Omari Kellyman (Aston Villa)",FW,0,0,10,12,0,0,0,0
"Reda Khadra (Reims)","FW,MF",82,83,71,80,73,71,58,71
"Wahbi Khazri (Montpellier)",FW,68,63,64,68,64,52,28,52
"Kiké (Alavés)","FW,MF",64,65,54,47,69,66,43,66
"Tim Kleindienst (Heidenheim)",FW,83,74,75,83,77,85,33,85
"Justin Kluivert (Bournemouth)","MF,FW",85,80,87,83,92,79,51,79
"Luca Koleosho (Burnley)","MF,FW",89,88,82,83,90,53,45,53
"Randal Kolo Muani (Paris S-G)","FW,MF",86,83,72,62,77,74,70,74
"Randal Kolo Muani (Eint Frankfurt)",FW,42,33,28,28,27,9,9,9
"Ibrahima Koné (Almería)",FW,21,14,26,12,39,23,17,23
"Ibrahima Koné (Lorient)",FW,0,0,0,0,0,0,0,0
"Christian Kouamé (Fiorentina)",FW,59,51,43,52,45,63,57,63
"Dawid Kownacki (Werder Bremen)",FW,18,21,26,12,34,41,79,41
"Andrej Kramarić (Hoffenheim)","MF,FW",78,81,89,89,85,98,94,98
"Nikola Krstović (Lecce)",FW,82,84,69,66,78,88,56,88
"Takefusa Kubo (Real Sociedad)","FW,MF",96,97,98,93,98,95,88,95
"Mohammed Kudus (West Ham)","FW,MF",100,100,97,95,94,93,72,93
"Dejan Kulusevski (Tottenham)","FW,MF",97,96,99,94,99,98,82,98
"Justin Kumi (Sassuolo)",FW,0,0,0,0,0,0,0,0
"Khvicha Kvaratskhelia (Napoli)",FW,100,100,100,100,99,99,91,99
"Giorgi Kvernadze (Frosinone)","FW,DF",23,28,0,12,0,0,0,0
"Moritz-Broni Kwarteng (Bochum)",FW,45,44,34,35,34,41,94,41
"Grejohn Kyei (Clermont Foot)",FW,60,53,43,49,34,47,21,47
"Gaëtan Laborde (Nice)","FW,MF",78,70,70,71,77,75,40,75
"Alexandre Lacazette (Lyon)",FW,72,78,59,65,64,77,31,77
"Adam Lallana (Brighton)","MF,FW",38,28,36,52,39,53,56,53
"Mathis Lambourde (Rennes)",FW,0,0,10,0,0,0,0,0
"Érik Lamela (Sevilla)","FW,MF",43,44,40,53,39,46,78,46
"Mohamed Lamine Bayo (Le Havre)",FW,70,70,54,59,73,65,43,65
"Didier Lamkel Zé (Metz)","FW,MF",44,41,48,64,39,40,40,40
"Tariq Lamptey (Brighton)","DF,FW",47,41,75,61,69,41,19,41
"Gianluca Lapadula (Cagliari)",FW,32,33,34,35,55,60,43,60
"Cyle Larin (Mallorca)",FW,70,63,57,53,78,52,13,52
"Juanmi Latasa (Getafe)",FW,38,41,31,47,34,60,23,60
"Armand Lauriente (Sassuolo)",FW,98,98,98,99,96,95,67,95
"Lázaro (Almería)","FW,MF",43,37,26,24,27,36,76,36
"Darko Lazović (Hellas Verona)","FW,MF",57,37,77,66,73,79,51,79
"Jérémy Le Douaron (Brest)",FW,82,68,79,78,75,58,20,58
"Rafael Leão (Milan)",FW,99,99,99,99,99,98,89,98
"Adrien Lebeau (Brest)","MF,FW",9,0,10,18,18,20,97,20
"Robert Lewandowski (Barcelona)",FW,79,79,77,75,81,81,28,81
"Jamie Leweling (Stuttgart)","FW,MF",81,82,87,84,89,80,72,80
"Keane Lewis-Potter (Brentford)","FW,DF",81,76,84,79,85,60,28,60
"Jesper Lindstrøm (Napoli)","FW,MF",55,56,50,47,45,50,91,50
"Jesper Lindstrøm (Eint Frankfurt)",FW,21,14,16,28,0,14,30,14
"Marcin Listkowski (Lecce)",FW,0,0,0,0,0,0,0,0
"Dejan Ljubicic (Köln)","MF,FW",64,65,76,88,45,80,47,80
"Javier Llabrés (Mallorca)","MF,FW",30,37,36,35,27,27,44,27
"Andy Logbo (Le Havre)",FW,23,33,10,0,18,17,12,17
"Ademola Lookman (Atalanta)","FW,MF",90,91,89,86,92,94,89,94
"Diego López (Valencia)","MF,FW",88,83,90,93,90,88,47,88
"Fermin López (Barcelona)","MF,FW",68,78,76,75,64,68,46,68
"Anthony Lozano (Getafe)","MF,FW",21,14,0,0,0,14,24,14
"Anthony Lozano (Almería)",FW,44,33,43,47,45,44,32,44
"Lorenzo Lucca (Udinese)",FW,64,58,38,59,45,71,17,71
"José Luis Morales (Villarreal)","FW,MF",63,51,66,59,80,50,28,50
"Romelu Lukaku (Roma)",FW,53,56,73,71,83,83,35,83
"Dodi Lukebakio (Sevilla)","FW,MF",83,86,79,78,85,72,77,72
"Zito Luvumbo (Cagliari)","FW,MF",90,86,92,86,96,82,58,82
"Othmane Maamma (Montpellier)",FW,33,41,31,35,34,27,97,27
"Ian Maatsen (Chelsea)","FW,MF",21,0,36,32,27,23,30,23
"Noni Madueke (Chelsea)",FW,90,90,90,82,93,74,85,74
"Frank Magri (Toulouse)","FW,MF",67,61,68,61,67,58,26,58
"Jon Magunacelaya (Real Sociedad)","FW,MF",23,21,16,18,0,17,33,17
"Adel Mahamoud (Nantes)",FW,9,14,0,0,0,0,0,0
"Habib Maïga (Metz)","MF,FW",0,0,10,18,0,9,10,9
"Linton Maina (Köln)","FW,MF",80,78,96,95,96,78,50,78
"Lovro Majer (Wolfsburg)","MF,FW",78,81,85,84,62,90,71,90
"Jean-Victor Makengo (Lorient)","MF,FW",40,37,40,38,0,20,10,20
"Daniel Maldini (Monza)","MF,FW",47,51,48,38,55,44,92,44
"Daniel Maldini (Empoli)","FW,MF",44,44,31,38,27,27,38,27
"Donyell Malen (Dortmund)","FW,MF",92,92,90,89,96,86,74,86
"Aaron Malouda (Lille)",FW,0,0,0,0,0,0,0,0
"David Mamutovic (Mainz 05)","FW,DF",0,0,0,0,0,9,98,9
"Hianga Mananga Mbock (Brest)","MF,FW",0,0,10,18,0,9,99,9
"Marco Mancosu (Cagliari)","MF,FW",26,28,24,18,0,27,80,27
"Benson Manuel (Burnley)","MF,FW",37,33,26,38,0,25,88,25
"Solly March (Brighton)","FW,DF",45,47,46,38,34,48,70,48
"Alberto Marí (Valencia)",FW,23,28,16,12,27,29,46,29
"José Mari (Cádiz)","MF,FW",0,0,0,0,0,20,100,20
"Mariano (Sevilla)","FW,MF",14,14,20,24,34,32,65,32
"Mirko Marić (Monza)",FW,21,14,16,24,18,27,31,27
"Omar Marmoush (Eint Frankfurt)","FW,MF",95,91,93,91,94,86,55,86
"Marquinhos (Nantes)","FW,MF",28,33,16,18,18,32,92,32
"Roger Martí (Cádiz)",FW,33,28,31,57,27,58,27,58
"Anthony Martial (Manchester Utd)",FW,26,21,28,35,18,35,32,35
"Gabriel Martinelli (Arsenal)",FW,95,91,98,89,99,92,81,92
"Lautaro Martínez (Inter)",FW,85,74,83,76,89,94,68,94
"Marvin (Las Palmas)","FW,DF",75,74,85,85,71,58,16,58
"Roberto Massimo (Stuttgart)","FW,DF",9,0,20,18,18,9,11,9
"Jaime Mata (Getafe)","FW,MF",42,47,50,59,55,68,29,68
"Jean-Philippe Mateta (Crystal Palace)",FW,84,81,66,57,73,82,44,82
"Jean Mattéo Bahoya (Eint Frankfurt)","MF,FW",35,41,28,35,34,25,58,25
"Neal Maupay (Brentford)",FW,64,51,58,69,69,66,49,66
"Neal Maupay (Everton)",FW,0,0,10,12,18,17,38,17
"Aïman Maurer (Clermont Foot)","MF,FW",18,21,10,12,18,9,17,9
"Eric Maxim Choupo-Moting (Bayern Munich)","MF,FW",70,79,60,35,71,60,84,60
"Borja Mayoral (Getafe)",FW,73,72,64,76,67,76,34,76
"Senny Mayulu (Paris S-G)","FW,MF",33,37,24,24,34,32,42,32
"Youssef Maziz (Metz)","FW,MF",18,21,16,24,0,25,85,25
"Kylian Mbappé (Paris S-G)",FW,98,98,97,96,99,93,80,93
"Malick Mbaye (Metz)","MF,FW",9,14,34,32,27,17,20,17
"Bryan Mbeumo (Brentford)",FW,89,82,90,91,93,89,75,89
"Christ Mbondi (Reims)",FW,0,0,0,0,0,0,0,0
"Jordi Mboula (Hellas Verona)","FW,MF",23,21,38,18,45,23,15,23
"Nathanael Mbuku (Augsburg)",FW,9,0,10,0,18,0,0,0
"James Mcatee (Sheffield Utd)","MF,FW",91,88,83,80,79,79,56,79
"Oliver McBurnie (Sheffield Utd)",FW,44,41,28,49,39,55,27,55
"John McGinn (Aston Villa)","MF,FW",93,96,85,87,64,95,61,95
"Dwight McNeil (Everton)","MF,FW",85,86,91,95,73,98,80,98
"Scott McTominay (Manchester Utd)","MF,FW",49,47,66,68,39,52,13,52
"Hannibal Mejbri (Manchester Utd)","MF,FW",23,21,16,0,0,25,81,25
"Óscar Melendo (Granada)","MF,FW",52,56,58,64,0,43,15,43
"Gonzalo Melero (Almería)","MF,FW",45,44,60,49,34,61,53,61
"Memphis (Atlético Madrid)",FW,67,72,50,49,55,63,74,63
"Brais Méndez (Real Sociedad)","MF,FW",81,80,77,85,75,94,75,94
"Omenuke Mfulu (Las Palmas)","MF,FW",9,14,10,12,0,14,34,14
"Lucas Michal (Monaco)",FW,0,0,10,0,0,0,0,0
"Sven Michel (Augsburg)","FW,MF",50,53,28,24,39,40,41,40
"Miguel (Alavés)","FW,MF",0,0,10,0,18,9,14,9
"Georges Mikautadze (Metz)",FW,93,92,81,81,85,78,57,78
"Arkadiusz Milik (Juventus)",FW,33,37,43,41,34,63,72,63
"Enzo Millot (Stuttgart)","MF,FW",91,94,78,85,73,89,64,89
"Jovan Milošević (Stuttgart)","FW,MF",14,21,10,18,0,0,0,0
"Marko Milovanović (Almería)","FW,MF",21,14,16,12,18,23,15,23
"Rafa Mir (Sevilla)","FW,MF",26,21,20,18,34,38,57,38
"Aleksei Miranchuk (Atalanta)","MF,FW",77,70,76,81,64,89,96,89
"Kaoru Mitoma (Brighton)",FW,92,91,97,92,98,80,74,80
"Aleksandar Mitrović (Fulham)",FW,18,28,0,0,0,14,94,14
"Stefan Mitrović (Hellas Verona)","FW,MF",40,41,45,41,27,27,17,27
"Terem Moffi (Nice)",FW,64,74,62,69,69,69,27,69
"Mostafa Mohamed (Nantes)",FW,66,65,60,62,64,72,30,72
"Dion Moise Sahi (Strasbourg)","MF,FW",38,33,45,47,39,35,16,35
"Alberto Moleiro (Las Palmas)","FW,MF",95,97,92,96,85,83,66,83
"Florent Mollet (Nantes)","MF,FW",66,61,64,78,62,83,53,83
"Kieffer Moore (Bournemouth)","FW,MF",18,14,16,0,0,23,82,23
"Álvaro Morata (Atlético Madrid)",FW,67,70,59,53,78,66,23,66
"Diego Moreira (Lyon)","FW,MF",32,21,38,32,34,20,14,20
"Gerard Moreno (Villarreal)",FW,90,93,79,85,84,93,81,93
"Ilaix Moriba (Getafe)","MF,FW",40,33,34,41,27,43,47,43
"Carlton Morris (Luton Town)","FW,MF",80,87,73,79,79,85,33,85
"Dany Mota (Monza)","FW,MF",77,68,96,99,91,85,60,85
"Lebo Mothiba (Strasbourg)",FW,23,33,34,35,45,36,20,36
"Youssoufa Moukoko (Dortmund)",FW,53,56,50,41,64,38,22,38
"Steve Mounié (Brest)",FW,45,56,59,69,50,58,18,58
"Mason Mount (Manchester Utd)","MF,FW",37,33,36,32,27,43,61,43
"Divin Mubama (West Ham)",FW,0,0,0,12,0,0,0,0
"Mykhailo Mudryk (Chelsea)",FW,89,91,93,92,93,79,68,79
"Samuele Mulattieri (Sassuolo)","FW,MF",43,33,34,41,55,34,24,34
"Thomas Müller (Bayern Munich)","MF,FW",49,56,74,82,62,93,92,93
"Iker Muniain (Athletic Club)","MF,FW",61,61,54,53,39,51,75,51
"Rodrigo Muniz (Fulham)",FW,48,37,34,28,39,65,31,65
"Álvaro Muñoz (Real Madrid)",FW,14,21,0,12,0,0,0,0
"Luis Muriel (Atalanta)","FW,MF",50,44,56,59,45,55,96,55
"Vedat Muriqi (Mallorca)",FW,57,61,57,59,59,75,26,75
"Alex Murphy (Newcastle Utd)","DF,FW",0,0,0,0,0,0,0,0
"Jacob Murphy (Newcastle Utd)","FW,DF",57,61,70,74,75,77,82,77
"Yunus Musah (Milan)","MF,FW",75,78,79,84,50,64,36,64
"Jamal Musiala (Bayern Munich)","MF,FW",99,99,95,94,91,95,94,95
"Florent Muslija (Freiburg)","MF,FW",14,14,28,18,27,32,98,32
"Kingstone Mutandwa (Cagliari)","FW,MF",18,14,10,12,0,0,0,0
"Joel Mvuka (Lorient)","DF,FW",38,28,24,24,0,9,9,9
"Junior Mwanga (Strasbourg)","MF,FW",75,83,65,65,50,58,25,58
"Nathan N'Goumou (Gladbach)","FW,MF",81,75,81,84,87,68,49,68
"Bilal Nadir (Marseille)","MF,FW",14,14,20,24,18,17,37,17
"Keito Nakamura (Reims)","FW,MF",63,74,79,71,78,63,38,63
"Roberto Navarro (Cádiz)","MF,FW",95,96,91,96,75,92,87,92
"Bassirou Ndiaye (Lorient)",FW,28,21,10,18,0,17,20,17
"Iliman Ndiaye (Marseille)","FW,MF",89,93,81,79,75,80,67,80
"Rassoul Ndiaye (Le Havre)","MF,FW",40,47,31,41,0,27,13,27
"Michael Ndiweni (Newcastle Utd)",FW,0,0,0,0,0,0,0,0
"Dan Ndoye (Bologna)","FW,MF",92,88,93,92,90,80,61,80
"Álvaro Negredo (Cádiz)","FW,MF",14,21,0,0,0,17,91,17
"Reiss Nelson (Arsenal)",FW,28,14,36,32,39,32,58,32
"Pedro Neto (Wolves)","FW,MF",91,90,95,95,95,86,86,86
"Jessic Ngankam (Mainz 05)","FW,MF",28,37,20,24,39,27,68,27
"Jessic Ngankam (Eint Frankfurt)",FW,30,28,16,18,18,20,13,20
"Cyril Ngonge (Hellas Verona)","FW,MF",85,84,82,76,80,79,75,79
"Cyril Ngonge (Napoli)",FW,43,47,54,44,50,52,98,52
"Steve Ngoura (Le Havre)","FW,MF",21,28,20,24,18,32,71,32
"M'Baye Niang (Empoli)",FW,43,37,45,41,64,43,35,43
"Shamar Nicholson (Clermont Foot)",FW,56,47,54,59,73,69,47,69
"Justin Njinmah (Werder Bremen)",FW,85,82,72,74,82,58,52,58
"Eddie Nketiah (Arsenal)",FW,60,47,59,52,67,53,36,53
"Christopher Nkunku (Chelsea)","FW,MF",30,21,38,35,27,38,47,38
"Lukas Nmecha (Wolfsburg)",FW,0,0,0,12,0,14,84,14
"Arnaud Nordin (Montpellier)","FW,MF",80,88,84,88,87,77,80,77
"Tijjani Noslin (Hellas Verona)","FW,MF",55,47,66,68,71,77,73,77
"Randy Nteka (Rayo Vallecano)","FW,MF",44,44,43,38,50,44,57,44
"Ernest Nuamah (Lyon)","FW,MF",96,95,95,96,93,85,71,85
"Darwin Núñez (Liverpool)",FW,74,65,85,81,93,88,69,88
"Ethan Nwaneri (Arsenal)",FW,9,0,16,18,0,9,97,9
"Simeon Nwankwo (Salernitana)",FW,14,14,28,24,50,27,11,27
"Rabby Nzingoula (Strasbourg)","MF,FW",21,21,20,24,18,17,27,17
"M'Bala Nzola (Fiorentina)",FW,60,63,58,57,64,68,39,68
"Mark O'Mahony (Brighton)",FW,0,0,0,0,0,0,0,0
"Michael Obafemi (Burnley)","FW,MF",18,28,0,0,0,9,84,9
"Brian Ocampo (Cádiz)","MF,FW",48,53,54,57,18,29,54,29
"Lucas Ocampos (Sevilla)","FW,MF",97,95,97,98,92,93,60,93
"Jens Odgaard (Bologna)","FW,MF",37,33,36,24,50,29,18,29
"Wilson Odobert (Burnley)","MF,FW",95,96,95,92,96,87,63,87
"Noah Okafor (Milan)","FW,MF",63,63,66,49,73,43,21,43
"David Okereke (Torino)","FW,MF",26,14,34,12,55,17,11,17
"Masaya Okugawa (Augsburg)","FW,DF",9,0,0,12,0,0,0,0
"Aingeru Olabarrieta (Athletic Club)",FW,0,0,10,0,0,9,99,9
"Michael Olakigbe (Brentford)","DF,FW",35,28,38,32,34,17,87,17
"Mathias Olesen (Köln)","MF,FW",9,14,16,12,0,14,17,14
"Michael Olise (Crystal Palace)","FW,MF",90,91,88,89,88,89,95,89
"Samu Omorodion (Alavés)",FW,80,78,67,61,85,58,15,58
"Samu Omorodion (Granada)",FW,0,0,0,0,0,14,34,14
"Ryan One (Sheffield Utd)",FW,0,0,10,12,0,0,0,0
"Karim Onisiwo (Mainz 05)","FW,MF",74,74,63,62,62,74,59,74
"Loïs Openda (RB Leipzig)",FW,84,75,91,77,93,90,51,90
"Royce Openda Owaga (Lorient)",FW,14,14,0,0,0,0,0,0
"Leon Opitz (Werder Bremen)","FW,DF",14,14,10,12,18,0,0,0
"Gift Orban (Lyon)",FW,38,37,34,28,59,29,16,29
"Divock Origi (Nott'ham Forest)",FW,53,51,56,44,62,40,37,40
"Gaetano Oristanio (Cagliari)","FW,MF",82,88,62,66,62,65,61,65
"Riccardo Orsolini (Bologna)","FW,MF",88,87,81,81,84,90,83,90
"Victor Osimhen (Napoli)",FW,71,68,71,71,75,76,40,76
"William Osula (Sheffield Utd)",FW,44,28,31,41,34,36,14,36
"Dango Ouattara (Bournemouth)","FW,DF",75,76,78,71,79,70,64,70
"Kassoum Ouattara (Monaco)","DF,FW",47,47,69,61,59,39,25,39
"Remi Oudin (Lecce)","MF,FW",35,33,56,66,34,92,87,92
"Adam Ounas (Lille)",FW,55,68,57,52,59,53,96,53
"Patrick Ouotro (Strasbourg)",FW,0,0,10,0,0,9,99,9
"Mikel Oyarzabal (Real Sociedad)","FW,MF",59,53,64,66,64,67,19,67
"Gonçalo Paciência (Bochum)","FW,MF",57,58,36,35,34,56,82,56
"Isaac Palazón Camacho (Rayo Vallecano)","MF,FW",90,89,75,92,55,96,72,96
"Cole Palmer (Chelsea)","FW,MF",93,96,97,96,96,99,94,99
"Joaquín Panichelli (Alavés)","FW,MF",9,0,20,0,18,25,38,25
"Christos Papadopoulos (Genoa)",FW,0,0,0,0,0,0,0,0
"Lucas Paquetá (West Ham)","FW,MF",88,92,71,85,69,92,63,92
"Victor Parada (Alavés)","FW,MF",0,0,0,0,0,0,0,0
"Kevin Paredes (Wolfsburg)","FW,MF",71,63,71,71,59,71,54,71
"Ben Parkinson (Newcastle Utd)",FW,0,0,0,0,0,0,0,0
"Pascu (Villarreal)",FW,9,14,0,0,0,0,0,0
"Leonardo Pavoletti (Cagliari)",FW,0,0,10,0,18,39,26,39
"Nicolás Paz (Real Madrid)","MF,FW",14,0,20,24,0,9,78,9
"Pedri (Barcelona)","MF,FW",68,68,76,86,55,83,83,83
"Pedro (Lazio)","FW,MF",63,63,68,77,39,52,56,52
"Jordan Pefok (Gladbach)",FW,38,28,26,28,27,61,32,61
"Jordan Pefok (Union Berlin)",FW,0,0,0,0,0,9,66,9
"Dženan Pejčinović (Wolfsburg)",FW,0,0,10,0,0,14,90,14
"Pietro Pellegri (Torino)",FW,42,37,46,57,27,36,15,36
"Facundo Pellistri (Manchester Utd)","FW,MF",35,37,28,38,39,17,16,17
"Facundo Pellistri (Granada)","MF,FW",58,58,70,56,71,68,60,68
"Faris Pemi Moumbagna (Marseille)",FW,28,14,28,28,39,40,41,40
"Rubén Peña (Osasuna)","DF,FW",87,89,86,86,62,80,46,80
"Pepín (Monza)","MF,FW",21,14,10,24,0,27,46,27
"Alberto Perea (Granada)","MF,FW",9,0,0,0,0,14,100,14
"Mathias Pereira Lage (Brest)","FW,MF",58,47,56,56,34,63,51,63
"Roberto Pereyra (Udinese)","FW,MF",71,68,75,66,59,76,44,76
"Ayoze Pérez (Betis)",FW,95,95,93,90,95,91,69,91
"Francisco Perez (Valencia)","MF,FW",93,91,85,76,78,66,20,66
"Kike Pérez (Rayo Vallecano)","MF,FW",64,51,52,47,34,52,55,52
"Matteo Perez Vinlöf (Bayern Munich)",FW,9,0,0,0,0,0,0,0
"Ivan Perišić (Tottenham)",FW,28,33,48,32,50,29,97,29
"Romain Perraud (Nice)","DF,FW",28,21,28,35,18,23,13,23
"Andrea Petagna (Cagliari)",FW,44,56,40,41,34,56,48,56
"Njegoš Petrović (Granada)","MF,FW",23,28,20,12,0,20,35,20
"Jens Petter Hauge (Eint Frankfurt)","MF,FW",26,21,31,24,34,17,21,17
"Luca Pfeiffer (Darmstadt 98)","FW,MF",49,44,48,56,27,73,49,73
"Maximilian Philipp (Freiburg)","FW,MF",9,0,20,28,27,29,32,29
"Jaden Philogene Bidace (Aston Villa)",FW,0,0,16,12,18,0,0,0
"Roberto Piccoli (Empoli)",FW,9,0,0,0,0,14,89,14
"Roberto Piccoli (Lecce)",FW,65,61,62,52,73,58,29,58
"Florian Pick (Heidenheim)","MF,FW",56,56,43,35,39,41,88,41
"Marvin Pieringer (Heidenheim)","MF,FW",58,53,65,71,69,55,19,55
"Santiago Pierotti (Lecce)","MF,FW",35,44,24,24,39,36,93,36
"Andrea Pinamonti (Sassuolo)",FW,61,58,52,49,75,79,19,79
"Yeremi Pino (Villarreal)","MF,FW",44,51,40,32,59,38,40,38
"Alassane Pléa (Gladbach)","FW,MF",79,76,84,87,82,87,72,87
"Matteo Politano (Napoli)",FW,90,87,97,98,83,99,93,99
"Sebastian Polter (Darmstadt 98)",FW,23,21,26,12,18,34,26,34
"Portu (Getafe)",FW,18,0,20,28,0,14,22,14
"Portu (Girona)","MF,FW",47,33,69,77,64,55,31,55
"Yussuf Poulsen (RB Leipzig)",FW,50,58,40,47,45,63,50,63
"Abdón Prats (Mallorca)","FW,MF",45,47,36,44,45,49,18,49
"Antonio Puertas (Granada)","MF,FW",61,65,54,62,55,55,70,55
"Arnau Puigmal (Almería)","FW,DF",28,21,24,24,0,20,15,20
"Christian Pulisic (Milan)","FW,MF",96,94,98,95,96,91,60,91
"George Pușcaș (Genoa)",FW,18,14,26,32,34,23,37,23
"Nemanja Radonjić (Torino)","MF,FW",52,53,40,24,50,32,30,32
"Abdellah Raihani (Atlético Madrid)",FW,0,0,0,0,0,0,0,0
"Luca Raimund (Stuttgart)","FW,MF",0,0,0,0,0,17,98,17
"Jesurun Rak Sakyi (Crystal Palace)","MF,FW",33,33,31,24,45,25,79,25
"Largie Ramazani (Almería)","FW,MF",87,87,85,85,88,78,64,78
"Benito Ramírez (Las Palmas)","FW,MF",35,21,45,41,45,29,22,29
"Sandro Ramírez (Las Palmas)",FW,79,78,85,74,90,87,77,87
"Chris Ramos (Cádiz)","FW,MF",85,72,68,71,82,65,14,65
"Gonçalo Ramos (Paris S-G)",FW,49,47,40,47,64,60,30,60
"Aaron Ramsey (Burnley)","MF,FW",33,28,34,32,39,23,10,23
"Jacob Ramsey (Aston Villa)","FW,MF",48,47,70,64,67,55,59,55
"Grant Ranos (Gladbach)","MF,FW",18,14,0,12,0,14,71,14
"Raphinha (Barcelona)","FW,MF",75,80,80,68,84,91,95,91
"Elba Rashani (Clermont Foot)","MF,FW",75,70,56,59,50,55,32,55
"Marcus Rashford (Manchester Utd)",FW,94,95,94,90,98,91,68,91
"Giacomo Raspadori (Napoli)","FW,MF",60,63,66,62,69,86,83,86
"Raúl (Osasuna)",FW,49,41,50,49,55,48,15,48
"Abderrahman Rebbach (Alavés)","FW,MF",58,53,71,57,79,55,72,55
"Nathan Redmond (Burnley)","FW,MF",26,33,31,32,18,29,91,29
"Bobby Reid (Fulham)",FW,55,47,71,62,67,61,30,61
"Reinier (Frosinone)","MF,FW",45,51,38,38,18,60,54,60
"Mateo Retegui (Genoa)",FW,67,63,54,52,59,55,12,55
"Marco Reus (Dortmund)","MF,FW",49,47,68,80,55,83,77,83
"Gio Reyna (Nott'ham Forest)","FW,MF",28,28,20,18,27,36,88,36
"Gio Reyna (Dortmund)","MF,FW",30,37,34,35,27,51,98,51
"Rodrigo Ribeiro (Nott'ham Forest)","MF,FW",9,0,16,12,0,9,92,9
"Richarlison (Tottenham)",FW,67,53,63,49,78,60,27,60
"Marco Richter (Mainz 05)","MF,FW",67,68,57,49,62,53,69,53
"Jaïro Riedewald (Crystal Palace)","MF,FW",18,14,20,0,27,9,9,9
"Luis Rioja (Alavés)","FW,MF",86,92,89,90,79,89,55,89
"Matt Ritchie (Newcastle Utd)","FW,MF",14,0,26,32,27,17,29,17
"Sergio Rodelas (Granada)","FW,DF",26,21,20,24,18,25,86,25
"Rodri (Betis)","FW,MF",80,80,80,77,73,60,52,60
"Óscar Rodríguez Arnaiz (Getafe)","MF,FW",61,63,45,71,39,73,87,73
"Jay Rodriguez (Burnley)",FW,32,41,16,24,18,38,15,38
"Rodrygo (Real Madrid)",FW,98,98,99,100,100,96,82,96
"Morgan Rogers (Aston Villa)","MF,FW",64,70,59,49,50,49,63,49
"Merlin Röhl (Freiburg)","MF,FW",72,76,77,83,64,70,50,70
"Luka Romero (Milan)","FW,MF",18,14,24,18,0,14,26,14
"Luka Romero (Almería)",FW,43,44,40,52,18,34,27,34
"Vitor Roque (Barcelona)",FW,42,33,43,35,50,20,12,20
"Aitor Ruibal (Betis)","DF,FW",74,83,59,57,62,60,55,60
"Emmanuel Sabbi (Le Havre)","FW,MF",82,75,74,59,77,69,42,69
"Dominic Sadi (Bournemouth)",FW,0,0,0,0,0,0,0,0
"Umar Sadiq (Real Sociedad)",FW,77,87,54,49,64,49,23,49
"Alexis Saelemaekers (Bologna)","FW,MF",94,91,87,89,78,90,81,90
"Wesley Saïd (Lens)","FW,MF",49,61,54,57,55,64,66,64
"Bukayo Saka (Arsenal)",FW,96,95,99,96,99,100,95,100
"Ibrahim Salah (Rennes)","FW,MF",59,56,48,61,27,41,55,41
"Mohamed Salah (Liverpool)",FW,88,83,95,92,99,98,90,98
"Amine Salama (Reims)",FW,40,53,38,28,34,29,35,29
"Roland Sallai (Freiburg)","MF,FW",80,76,78,84,75,83,67,83
"Mama Samba Baldé (Lyon)","FW,MF",58,58,60,44,75,47,68,47
"Antonio Sanabria (Torino)","FW,MF",63,63,56,59,39,64,17,64
"Alexis Sánchez (Inter)","FW,MF",50,58,50,59,39,61,81,61
"Jadon Sancho (Manchester Utd)","FW,MF",28,28,38,32,45,20,88,20
"Jadon Sancho (Dortmund)","FW,MF",86,89,85,83,90,74,90,74
"Ibou Sané (Metz)","MF,FW",28,28,28,18,34,14,15,14
"Leroy Sané (Bayern Munich)",FW,99,100,97,99,96,99,95,99
"Nicola Sansone (Lecce)","FW,MF",53,56,48,47,50,69,92,69
"Riccardo Saponara (Hellas Verona)","FW,MF",32,33,43,44,34,27,21,27
"Pablo Sarabia (Wolves)","MF,FW",73,70,76,91,62,91,87,91
"Amin Sarr (Lyon)","FW,MF",18,21,20,12,27,17,49,17
"Amin Sarr (Wolfsburg)","FW,MF",35,21,20,32,0,23,12,23
"Ismaila Sarr (Marseille)","FW,MF",74,63,80,80,82,66,41,66
"Martin Satriano (Brest)",FW,74,76,65,68,69,78,50,78
"Sávio (Girona)","FW,MF",100,100,100,99,99,96,70,96
"Gianluca Scamacca (Atalanta)",FW,61,65,59,66,45,80,77,80
"Dane Scarlett (Tottenham)",FW,18,0,0,0,18,9,81,9
"Kevin Schade (Brentford)","FW,MF",40,21,34,24,45,36,62,36
"Patrik Schick (Leverkusen)",FW,55,47,31,28,45,56,43,56
"Stefan Schimmer (Heidenheim)","MF,FW",9,0,10,0,0,20,36,20
"Jeffrey Schlupp (Crystal Palace)","FW,MF",71,70,57,47,50,53,22,53
"Romano Schmid (Werder Bremen)","MF,FW",95,92,90,97,83,96,81,96
"Jérémy Sebas (Strasbourg)","FW,MF",45,53,45,44,55,34,33,34
"Demba Seck (Frosinone)","FW,MF",38,33,40,44,50,36,73,36
"Nikola Sekulov (Juventus)",FW,0,0,0,0,0,0,0,0
"Davie Selke (Köln)",FW,37,41,36,24,45,53,25,53
"Vivaldo Semedo (Udinese)",FW,0,0,10,0,18,0,0,0
"Antoine Semenyo (Bournemouth)",FW,95,95,93,90,95,85,59,85
"Benjamin Šeško (RB Leipzig)",FW,66,70,58,53,75,61,28,61
"Kevin Sessa (Heidenheim)","MF,FW",56,58,66,66,50,67,73,67
"Aaron Seydel (Darmstadt 98)",FW,35,28,31,24,34,38,23,38
"Stephan El Shaarawy (Roma)","FW,DF",79,78,78,76,83,76,50,76
"Eldor Shomurodov (Cagliari)","FW,MF",58,53,43,53,55,50,36,50
"Steven Shpendi (Empoli)","FW,MF",30,21,20,12,27,34,31,34
"André Silva (Real Sociedad)",FW,52,41,26,32,39,32,12,32
"Bernardo Silva (Manchester City)","MF,FW",82,90,99,97,93,98,87,98
"Fábio Silva (Wolves)",FW,30,21,26,32,18,32,59,32
"Giovanni Simeone (Napoli)",FW,33,37,40,44,39,53,61,53
"Giuliano Simeone (Alavés)",FW,50,51,62,41,45,48,60,48
"Moses Simon (Nantes)","FW,MF",91,94,99,91,97,82,64,82
"Luis Sinisterra (Bournemouth)","FW,MF",77,84,81,65,92,68,94,68
"Ayanda Sishuba (Lens)","MF,FW",38,47,31,24,50,29,99,29
"Tim Skarke (Darmstadt 98)","FW,DF",83,83,85,81,81,85,49,85
"Robert Skov (Hoffenheim)","DF,FW",58,51,65,64,71,70,62,70
"Naatan Skyttä (Toulouse)","MF,FW",9,14,10,0,18,34,98,34
"Rubén Sobrino (Cádiz)","MF,FW",71,68,64,74,45,65,30,65
"Alex Sola (Alavés)","FW,MF",88,93,75,71,69,83,90,83
"Dominic Solanke (Bournemouth)",FW,94,91,81,71,88,88,30,88
"Ola Solbakken (Roma)",FW,14,14,10,0,0,9,78,9
"Manor Solomon (Tottenham)",FW,44,53,52,41,62,44,98,44
"Borna Sosa (Stuttgart)","FW,DF",0,0,26,12,18,23,99,23
"Florian Sotoca (Lens)","MF,FW",70,75,84,96,64,95,75,95
"Riccardo Sottil (Fiorentina)",FW,78,76,87,84,83,70,73,70
"Matìas Soulé (Frosinone)","FW,MF",100,100,97,100,92,100,94,100
"Issa Soumaré (Le Havre)","FW,MF",35,28,24,32,18,27,47,27
"Raheem Sterling (Chelsea)","FW,MF",98,94,97,90,99,90,77,90
"Trivante Stewart (Salernitana)","FW,MF",18,21,16,18,18,17,48,17
"Filip Stojilković (Darmstadt 98)","FW,MF",18,14,24,18,39,0,0,0
"Jørgen Strand Larsen (Celta Vigo)",FW,87,84,70,71,87,80,23,80
"Gabriel Strefezza (Lecce)",FW,66,65,71,83,39,67,65,67
"Cristhian Stuani (Girona)",FW,23,14,20,12,34,40,20,40
"Denis Suárez (Villarreal)","MF,FW",33,37,24,12,18,29,93,29
"Isaac Success (Udinese)","FW,MF",71,75,48,52,45,55,56,55
"Tomáš Suslov (Hellas Verona)","MF,FW",87,90,78,87,71,83,56,83
"Suso (Sevilla)","MF,FW",76,83,76,84,55,91,93,91
"Williot Swedberg (Celta Vigo)","FW,MF",40,44,31,35,39,35,34,35
"Karol Świderski (Hellas Verona)","FW,MF",35,28,20,24,27,41,58,41
"Issiaga Sylla (Montpellier)","DF,FW",47,53,66,66,27,58,23,58
"Mamadou Sylla (Alavés)","FW,MF",9,0,0,0,0,0,0,0
"Alexander Sørloth (Villarreal)",FW,86,86,79,81,90,83,40,83
"Musa Al-Taamari (Montpellier)",FW,95,93,91,93,96,84,64,84
"Yassin Tallal (Getafe)",FW,0,0,10,0,0,0,0,0
"Jimi Tauriainen (Chelsea)",FW,0,0,0,0,0,0,0,0
"Marcus Tavernier (Bournemouth)",FW,94,93,91,99,87,94,84,94
"Elayis Tavsan (Hellas Verona)","MF,FW",9,14,16,12,18,9,21,9
"Marciano Tchami (Almería)","FW,MF",0,0,10,12,0,9,30,9
"Loum Tchaouna (Salernitana)","FW,MF",80,68,89,88,87,77,38,77
"Mathys Tel (Bayern Munich)","FW,MF",85,90,77,68,90,70,77,70
"Filippo Terracciano (Milan)","DF,FW",0,0,0,18,0,0,0,0
"Martin Terrier (Rennes)","FW,MF",70,68,65,73,62,74,58,74
"Benjamin Tetteh (Metz)","FW,MF",32,33,20,28,18,25,23,25
"Florian Thauvin (Udinese)",FW,91,89,89,91,90,85,74,85
"Jan Thielmann (Köln)","FW,DF",57,72,78,81,67,69,40,69
"Denis Thomalla (Heidenheim)","MF,FW",14,21,20,18,0,32,21,32
"Marcus Thuram (Inter)",FW,78,88,88,75,94,89,48,89
"Cheikh Tidiane Sabaly (Metz)","FW,MF",85,87,73,79,73,65,44,65
"Youri Tielemans (Aston Villa)","MF,FW",59,65,60,74,55,73,49,73
"Phillip Tietz (Augsburg)",FW,71,61,56,57,55,77,29,77
"Steffen Tigges (Köln)",FW,30,33,36,32,27,44,37,44
"Raúl de Tomás (Rayo Vallecano)",FW,74,75,40,32,39,48,16,48
"Tiago Tomás (Wolfsburg)","FW,MF",80,76,58,53,80,56,46,56
"Ivan Toney (Brentford)",FW,52,53,60,61,71,65,39,65
"Pablo Torre (Girona)","MF,FW",47,41,62,62,39,50,59,50
"Ferrán Torres (Barcelona)",FW,53,53,67,66,75,76,78,76
"Fabio Torsiello (Darmstadt 98)","FW,DF",18,14,16,0,0,14,12,14
"Andros Townsend (Luton Town)","MF,FW",65,68,78,78,55,63,47,63
"Adama Traoré (Fulham)","FW,MF",44,51,66,53,71,39,66,39
"Bertrand Traoré (Aston Villa)","DF,FW",9,0,0,0,0,0,0,0
"Chaka Traorè (Milan)",FW,0,0,16,12,18,0,0,0
"Óscar Trejo (Rayo Vallecano)","FW,MF",90,88,65,71,64,85,89,85
"Mike Trésor (Burnley)","FW,MF",50,56,48,38,34,34,30,34
"Leandro Trossard (Arsenal)","FW,MF",75,81,87,86,88,82,70,82
"Viktor Tsyhankov (Girona)","MF,FW",79,78,87,89,90,85,62,85
"Lukas Ullrich (Gladbach)","DF,FW",9,0,0,12,0,0,0,0
"Enes Ünal (Bournemouth)","FW,MF",35,21,24,18,18,36,64,36
"Enes Ünal (Getafe)","FW,MF",21,21,16,18,0,23,62,23
"Deniz Undav (Stuttgart)","FW,MF",78,83,77,82,81,94,86,94
"Kacper Urbanski (Bologna)","MF,FW",64,75,62,61,45,61,67,61
"Mark Uth (Köln)","MF,FW",38,33,43,35,27,51,96,51
"Myrto Uzuni (Granada)",FW,57,61,58,53,64,60,13,60
"Kévin Van Den Kerkhof (Metz)","FW,MF",86,87,87,95,67,64,20,64
"Ruben Vargas (Augsburg)","MF,FW",80,78,84,78,75,83,61,83
"Borja Vázquez (Cádiz)",FW,0,0,0,0,0,9,100,9
"Gabriel Veiga (Celta Vigo)",FW,9,0,0,0,0,0,0,0
"Alejo Véliz (Tottenham)",FW,14,14,0,0,0,9,21,9
"Alejo Véliz (Sevilla)",FW,0,0,0,0,0,9,44,9
"Simone Verdi (Torino)",FW,0,0,0,0,0,9,100,9
"Yorbe Vertessen (Union Berlin)","FW,MF",64,63,38,35,59,44,53,44
"Carlos Vicente (Alavés)",FW,70,65,60,41,64,72,77,72
"Nacho Vidal (Osasuna)","DF,FW",14,14,0,12,0,9,11,9
"Fabio Vieira (Arsenal)","MF,FW",32,21,43,24,50,36,73,36
"Jonathan Viera (Las Palmas)","MF,FW",50,53,63,66,45,56,85,56
"Emanuel Vignato (Salernitana)","MF,FW",14,14,26,32,18,27,27,27
"Samuele Vignato (Monza)","MF,FW",32,37,45,41,50,35,54,35
"Oscar Vilhelmsson (Darmstadt 98)","FW,MF",45,37,50,47,59,56,25,56
"Toni Villa (Girona)",FW,9,0,10,0,18,0,0,0
"Asier Villalibre (Athletic Club)",FW,35,33,28,32,50,40,51,40
"Rúben Vinagre (Hellas Verona)","DF,FW",23,28,28,32,18,32,53,32
"Carlos Vinícius (Fulham)",FW,30,21,20,28,27,32,44,32
"Nicolas Viola (Cagliari)","MF,FW",68,68,59,64,59,81,89,81
"Alan Virginius (Lille)",FW,21,21,10,0,18,14,43,14
"Alan Virginius (Clermont Foot)",FW,48,53,59,49,64,47,26,47
"Vitinha (Genoa)","FW,MF",33,21,38,28,39,29,43,29
"Vitinha (Marseille)",FW,65,70,48,53,62,63,72,63
"Dušan Vlahović (Juventus)",FW,73,72,72,64,81,85,53,85
"Nikola Vlašić (Torino)","MF,FW",76,83,88,89,67,92,64,92
"Kevin Volland (Union Berlin)","FW,MF",45,41,46,44,59,71,61,71
"Cristian Volpato (Sassuolo)","MF,FW",77,81,71,71,71,61,90,61
"Elye Wahi (Montpellier)",FW,9,14,10,12,18,9,97,9
"Elye Wahi (Lens)",FW,74,70,81,71,87,67,31,67
"Luca Waldschmidt (Köln)","MF,FW",71,72,67,65,50,68,64,68
"Lewis Warrington (Everton)",FW,0,0,0,0,0,0,0,0
"Deivid Washington (Chelsea)","DF,FW",9,0,0,0,0,0,0,0
"Kjell-Arik Wätjen (Dortmund)","MF,FW",21,21,20,18,0,17,44,17
"Ollie Watkins (Aston Villa)",FW,83,82,86,83,95,93,51,93
"Timothy Weah (Juventus)","DF,FW",38,37,71,64,59,56,30,56
"Wout Weghorst (Hoffenheim)",FW,44,28,46,57,55,85,62,85
"Nelson Weiper (Mainz 05)","FW,MF",28,21,28,18,27,17,31,17
"Noah Weißhaupt (Freiburg)","DF,FW",71,47,76,74,62,58,76,58
"Shon Weissman (Salernitana)","FW,DF",14,0,0,12,0,17,9,17
"Shon Weissman (Granada)",FW,14,14,10,12,0,14,31,14
"Danny Welbeck (Brighton)","FW,MF",57,47,69,59,71,85,75,85
"Timo Werner (Tottenham)",FW,60,58,91,74,93,60,75,60
"Timo Werner (RB Leipzig)","FW,MF",33,37,38,44,45,29,68,29
"Ethan Wheatley (Manchester Utd)",FW,0,0,0,0,0,0,0,0
"Iñaki Williams (Athletic Club)",FW,96,95,97,96,97,94,64,94
"Nico Williams (Athletic Club)",FW,100,99,99,98,98,97,89,97
"Willian (Fulham)",FW,83,84,93,97,89,96,90,96
"Callum Wilson (Newcastle Utd)",FW,63,63,40,41,71,48,26,48
"Harry Wilson (Fulham)",FW,65,65,76,73,78,82,72,82
"Patrick Wimmer (Wolfsburg)","FW,MF",45,47,34,41,34,40,39,40
"Jonas Wind (Wolfsburg)",FW,60,61,52,66,45,87,45,87
"Yoane Wissa (Brentford)",FW,78,75,77,80,81,81,36,81
"Maximilian Wittek (Bochum)","DF,FW",53,53,52,44,39,72,80,72
"Nick Woltemade (Werder Bremen)","FW,MF",75,84,58,69,59,76,80,76
"Jeong Woo-yeong (Stuttgart)","MF,FW",47,33,60,49,50,46,52,46
"Chris Wood (Nott'ham Forest)",FW,44,41,50,47,55,69,31,69
"Cauley Woodrow (Luton Town)","FW,MF",18,21,31,38,18,41,70,41
"Xeber (Alavés)","FW,MF",28,28,28,18,34,35,64,35
"Lamine Yamal (Barcelona)",FW,99,99,98,98,98,95,85,95
"Roman Yaremchuk (Valencia)",FW,40,37,43,49,50,35,11,35
"Yusuf Yazıcı (Lille)","MF,FW",60,61,68,66,50,66,50,66
"Kelvin Yeboah (Montpellier)",FW,40,47,36,35,50,32,55,32
"Bertuğ Yıldırım (Rennes)",FW,32,41,36,38,27,39,47,39
"Kenan Yıldız (Juventus)","FW,MF",71,79,69,78,67,65,73,65
"Mattia Zaccagni (Lazio)","FW,MF",95,96,93,95,90,86,67,86
"Arsen Zakharyan (Real Sociedad)","MF,FW",59,53,65,68,59,78,83,78
"Nicola Zalewski (Roma)","DF,FW",67,68,83,69,77,63,68,63
"Nicolò Zaniolo (Aston Villa)","FW,MF",76,61,71,59,75,56,62,56
"Alessandro Zanoli (Napoli)","DF,FW",14,0,16,12,0,0,0,0
"Duván Zapata (Torino)",FW,95,89,90,92,88,86,37,86
"Duván Zapata (Atalanta)",FW,18,21,20,12,27,20,62,20
"Bryan Zaragoza (Granada)","MF,FW",97,96,95,94,93,83,76,83
"Bryan Zaragoza (Bayern Munich)","FW,MF",43,47,46,49,50,27,68,27
"Anass Zaroury (Burnley)","FW,MF",26,21,16,18,0,14,12,14
"Alessio Zerbin (Monza)","DF,FW",61,61,52,64,45,55,76,55
"Alessio Zerbin (Napoli)","FW,DF",21,21,28,28,27,23,57,23
"Edon Zhegrova (Lille)",FW,99,99,96,98,97,97,90,97
"Joshua Zirkzee (Bologna)",FW,97,96,82,87,83,93,61,93
"Simon Zoller (Bochum)","FW,MF",0,0,0,0,0,0,0,0
"Lovro Zvonarek (Bayern Munich)","FW,MF",18,14,31,12,39,17,18,17
"Milan Đurić (Hellas Verona)",FW,18,21,20,35,18,60,41,60
"Milan Đurić (Monza)",FW,21,21,16,18,18,38,11,38
